observation_scope,dataset,source_run,count_unit,coverage_status,category,subtype,subtype_label,catalog_membership,count_within_processed_scope,observed_within_processed_scope,candidate_variant_count,candidate_status_counts,candidate_status_count_unit,excluded_identity_count,excluded_variant_count,distinct_candidate_cells,human_review_status,runtime_confirmed,new_type_status,full_dataset_coverage_claim,source_path,source_sha256
dataset_commit_changes,aidev,aidev-anchors-v3,observed_log_version_per_type_in_one_batch,incomplete_or_gaps,AUTH,access_token,访问令牌,controlled,0,False,,{},unavailable_in_historical_log_summary,,,,pending,False,not_established,False,/Users/lzh/Downloads/Log 研究/agentlog_unified/docs/observed_type_inventory_v044.csv,8d9bf1c59ece1c1c883218883da00cefafc301265c04c87a562863805a54fd2d
dataset_commit_changes,aidev,aidev-anchors-v3,observed_log_version_per_type_in_one_batch,incomplete_or_gaps,AUTH,api_key,服务密钥,controlled,0,False,,{},unavailable_in_historical_log_summary,,,,pending,False,not_established,False,/Users/lzh/Downloads/Log 研究/agentlog_unified/docs/observed_type_inventory_v044.csv,8d9bf1c59ece1c1c883218883da00cefafc301265c04c87a562863805a54fd2d
dataset_commit_changes,aidev,aidev-anchors-v3,observed_log_version_per_type_in_one_batch,incomplete_or_gaps,AUTH,auth_cookie,认证 Cookie,controlled,0,False,,{},unavailable_in_historical_log_summary,,,,pending,False,not_established,False,/Users/lzh/Downloads/Log 研究/agentlog_unified/docs/observed_type_inventory_v044.csv,8d9bf1c59ece1c1c883218883da00cefafc301265c04c87a562863805a54fd2d
dataset_commit_changes,aidev,aidev-anchors-v3,observed_log_version_per_type_in_one_batch,incomplete_or_gaps,AUTH,authorization_header,认证头,controlled,0,False,,{},unavailable_in_historical_log_summary,,,,pending,False,not_established,False,/Users/lzh/Downloads/Log 研究/agentlog_unified/docs/observed_type_inventory_v044.csv,8d9bf1c59ece1c1c883218883da00cefafc301265c04c87a562863805a54fd2d
dataset_commit_changes,aidev,aidev-anchors-v3,observed_log_version_per_type_in_one_batch,incomplete_or_gaps,AUTH,credential_bundle,其他认证秘密或凭证对象,controlled,0,False,,{},unavailable_in_historical_log_summary,,,,pending,False,not_established,False,/Users/lzh/Downloads/Log 研究/agentlog_unified/docs/observed_type_inventory_v044.csv,8d9bf1c59ece1c1c883218883da00cefafc301265c04c87a562863805a54fd2d
dataset_commit_changes,aidev,aidev-anchors-v3,observed_log_version_per_type_in_one_batch,incomplete_or_gaps,AUTH,password,密码,controlled,0,False,,{},unavailable_in_historical_log_summary,,,,pending,False,not_established,False,/Users/lzh/Downloads/Log 研究/agentlog_unified/docs/observed_type_inventory_v044.csv,8d9bf1c59ece1c1c883218883da00cefafc301265c04c87a562863805a54fd2d
dataset_commit_changes,aidev,aidev-anchors-v3,observed_log_version_per_type_in_one_batch,incomplete_or_gaps,AUTH,private_key,私钥,controlled,0,False,,{},unavailable_in_historical_log_summary,,,,pending,False,not_established,False,/Users/lzh/Downloads/Log 研究/agentlog_unified/docs/observed_type_inventory_v044.csv,8d9bf1c59ece1c1c883218883da00cefafc301265c04c87a562863805a54fd2d
dataset_commit_changes,aidev,aidev-anchors-v3,observed_log_version_per_type_in_one_batch,incomplete_or_gaps,BIZ,business_object,业务对象载体,controlled,0,False,,{},unavailable_in_historical_log_summary,,,,pending,False,not_established,False,/Users/lzh/Downloads/Log 研究/agentlog_unified/docs/observed_type_inventory_v044.csv,8d9bf1c59ece1c1c883218883da00cefafc301265c04c87a562863805a54fd2d
dataset_commit_changes,aidev,aidev-anchors-v3,observed_log_version_per_type_in_one_batch,incomplete_or_gaps,BIZ,document_content,文档及内容载体,controlled,0,False,,{},unavailable_in_historical_log_summary,,,,pending,False,not_established,False,/Users/lzh/Downloads/Log 研究/agentlog_unified/docs/observed_type_inventory_v044.csv,8d9bf1c59ece1c1c883218883da00cefafc301265c04c87a562863805a54fd2d
dataset_commit_changes,aidev,aidev-anchors-v3,observed_log_version_per_type_in_one_batch,incomplete_or_gaps,BIZ,http_headers,请求响应头载体,controlled,0,False,,{},unavailable_in_historical_log_summary,,,,pending,False,not_established,False,/Users/lzh/Downloads/Log 研究/agentlog_unified/docs/observed_type_inventory_v044.csv,8d9bf1c59ece1c1c883218883da00cefafc301265c04c87a562863805a54fd2d
dataset_commit_changes,aidev,aidev-anchors-v3,observed_log_version_per_type_in_one_batch,incomplete_or_gaps,BIZ,message_content,业务聊天内容载体,controlled,0,False,,{},unavailable_in_historical_log_summary,,,,pending,False,not_established,False,/Users/lzh/Downloads/Log 研究/agentlog_unified/docs/observed_type_inventory_v044.csv,8d9bf1c59ece1c1c883218883da00cefafc301265c04c87a562863805a54fd2d
dataset_commit_changes,aidev,aidev-anchors-v3,observed_log_version_per_type_in_one_batch,incomplete_or_gaps,BIZ,request_body,请求体载体,controlled,0,False,,{},unavailable_in_historical_log_summary,,,,pending,False,not_established,False,/Users/lzh/Downloads/Log 研究/agentlog_unified/docs/observed_type_inventory_v044.csv,8d9bf1c59ece1c1c883218883da00cefafc301265c04c87a562863805a54fd2d
dataset_commit_changes,aidev,aidev-anchors-v3,observed_log_version_per_type_in_one_batch,incomplete_or_gaps,BIZ,response_body,响应体载体,controlled,2,True,,{},unavailable_in_historical_log_summary,,,,pending,False,not_established,False,/Users/lzh/Downloads/Log 研究/agentlog_unified/docs/observed_type_inventory_v044.csv,8d9bf1c59ece1c1c883218883da00cefafc301265c04c87a562863805a54fd2d
dataset_commit_changes,aidev,aidev-anchors-v3,observed_log_version_per_type_in_one_batch,incomplete_or_gaps,BIZ,unclassified_content,细类待确定,controlled,0,False,,{},unavailable_in_historical_log_summary,,,,pending,False,not_established,False,/Users/lzh/Downloads/Log 研究/agentlog_unified/docs/observed_type_inventory_v044.csv,8d9bf1c59ece1c1c883218883da00cefafc301265c04c87a562863805a54fd2d
dataset_commit_changes,aidev,aidev-anchors-v3,observed_log_version_per_type_in_one_batch,incomplete_or_gaps,BIZ,unclassified_object,细类待确定,controlled,0,False,,{},unavailable_in_historical_log_summary,,,,pending,False,not_established,False,/Users/lzh/Downloads/Log 研究/agentlog_unified/docs/observed_type_inventory_v044.csv,8d9bf1c59ece1c1c883218883da00cefafc301265c04c87a562863805a54fd2d
dataset_commit_changes,aidev,aidev-anchors-v3,observed_log_version_per_type_in_one_batch,incomplete_or_gaps,CFG,database_connection,数据库连接,controlled,0,False,,{},unavailable_in_historical_log_summary,,,,pending,False,not_established,False,/Users/lzh/Downloads/Log 研究/agentlog_unified/docs/observed_type_inventory_v044.csv,8d9bf1c59ece1c1c883218883da00cefafc301265c04c87a562863805a54fd2d
dataset_commit_changes,aidev,aidev-anchors-v3,observed_log_version_per_type_in_one_batch,incomplete_or_gaps,CFG,deployment_configuration,配置及部署载体,controlled,0,False,,{},unavailable_in_historical_log_summary,,,,pending,False,not_established,False,/Users/lzh/Downloads/Log 研究/agentlog_unified/docs/observed_type_inventory_v044.csv,8d9bf1c59ece1c1c883218883da00cefafc301265c04c87a562863805a54fd2d
dataset_commit_changes,aidev,aidev-anchors-v3,observed_log_version_per_type_in_one_batch,incomplete_or_gaps,CFG,environment,环境变量载体,controlled,0,False,,{},unavailable_in_historical_log_summary,,,,pending,False,not_established,False,/Users/lzh/Downloads/Log 研究/agentlog_unified/docs/observed_type_inventory_v044.csv,8d9bf1c59ece1c1c883218883da00cefafc301265c04c87a562863805a54fd2d
dataset_commit_changes,aidev,aidev-anchors-v3,observed_log_version_per_type_in_one_batch,incomplete_or_gaps,CFG,filesystem_path,内部文件路径,controlled,0,False,,{},unavailable_in_historical_log_summary,,,,pending,False,not_established,False,/Users/lzh/Downloads/Log 研究/agentlog_unified/docs/observed_type_inventory_v044.csv,8d9bf1c59ece1c1c883218883da00cefafc301265c04c87a562863805a54fd2d
dataset_commit_changes,aidev,aidev-anchors-v3,observed_log_version_per_type_in_one_batch,incomplete_or_gaps,CFG,internal_endpoint,内部端点,controlled,0,False,,{},unavailable_in_historical_log_summary,,,,pending,False,not_established,False,/Users/lzh/Downloads/Log 研究/agentlog_unified/docs/observed_type_inventory_v044.csv,8d9bf1c59ece1c1c883218883da00cefafc301265c04c87a562863805a54fd2d
dataset_commit_changes,aidev,aidev-anchors-v3,observed_log_version_per_type_in_one_batch,incomplete_or_gaps,CFG,unclassified_internal_resource,细类待确定,controlled,0,False,,{},unavailable_in_historical_log_summary,,,,pending,False,not_established,False,/Users/lzh/Downloads/Log 研究/agentlog_unified/docs/observed_type_inventory_v044.csv,8d9bf1c59ece1c1c883218883da00cefafc301265c04c87a562863805a54fd2d
dataset_commit_changes,aidev,aidev-anchors-v3,observed_log_version_per_type_in_one_batch,incomplete_or_gaps,DIAG,exception_message,异常内容载体,controlled,47,True,,{},unavailable_in_historical_log_summary,,,,pending,False,not_established,False,/Users/lzh/Downloads/Log 研究/agentlog_unified/docs/observed_type_inventory_v044.csv,8d9bf1c59ece1c1c883218883da00cefafc301265c04c87a562863805a54fd2d
dataset_commit_changes,aidev,aidev-anchors-v3,observed_log_version_per_type_in_one_batch,incomplete_or_gaps,DIAG,failure_response,失败响应载体,controlled,0,False,,{},unavailable_in_historical_log_summary,,,,pending,False,not_established,False,/Users/lzh/Downloads/Log 研究/agentlog_unified/docs/observed_type_inventory_v044.csv,8d9bf1c59ece1c1c883218883da00cefafc301265c04c87a562863805a54fd2d
dataset_commit_changes,aidev,aidev-anchors-v3,observed_log_version_per_type_in_one_batch,incomplete_or_gaps,DIAG,stack_trace,堆栈载体,controlled,0,False,,{},unavailable_in_historical_log_summary,,,,pending,False,not_established,False,/Users/lzh/Downloads/Log 研究/agentlog_unified/docs/observed_type_inventory_v044.csv,8d9bf1c59ece1c1c883218883da00cefafc301265c04c87a562863805a54fd2d
dataset_commit_changes,aidev,aidev-anchors-v3,observed_log_version_per_type_in_one_batch,incomplete_or_gaps,PII,biometric,生物特征,controlled,0,False,,{},unavailable_in_historical_log_summary,,,,pending,False,not_established,False,/Users/lzh/Downloads/Log 研究/agentlog_unified/docs/observed_type_inventory_v044.csv,8d9bf1c59ece1c1c883218883da00cefafc301265c04c87a562863805a54fd2d
dataset_commit_changes,aidev,aidev-anchors-v3,observed_log_version_per_type_in_one_batch,incomplete_or_gaps,PII,email,邮箱,controlled,0,False,,{},unavailable_in_historical_log_summary,,,,pending,False,not_established,False,/Users/lzh/Downloads/Log 研究/agentlog_unified/docs/observed_type_inventory_v044.csv,8d9bf1c59ece1c1c883218883da00cefafc301265c04c87a562863805a54fd2d
dataset_commit_changes,aidev,aidev-anchors-v3,observed_log_version_per_type_in_one_batch,incomplete_or_gaps,PII,financial,个人金融信息,controlled,0,False,,{},unavailable_in_historical_log_summary,,,,pending,False,not_established,False,/Users/lzh/Downloads/Log 研究/agentlog_unified/docs/observed_type_inventory_v044.csv,8d9bf1c59ece1c1c883218883da00cefafc301265c04c87a562863805a54fd2d
dataset_commit_changes,aidev,aidev-anchors-v3,observed_log_version_per_type_in_one_batch,incomplete_or_gaps,PII,government_identifier,政府证件标识,controlled,0,False,,{},unavailable_in_historical_log_summary,,,,pending,False,not_established,False,/Users/lzh/Downloads/Log 研究/agentlog_unified/docs/observed_type_inventory_v044.csv,8d9bf1c59ece1c1c883218883da00cefafc301265c04c87a562863805a54fd2d
dataset_commit_changes,aidev,aidev-anchors-v3,observed_log_version_per_type_in_one_batch,incomplete_or_gaps,PII,medical,医疗健康信息,controlled,0,False,,{},unavailable_in_historical_log_summary,,,,pending,False,not_established,False,/Users/lzh/Downloads/Log 研究/agentlog_unified/docs/observed_type_inventory_v044.csv,8d9bf1c59ece1c1c883218883da00cefafc301265c04c87a562863805a54fd2d
dataset_commit_changes,aidev,aidev-anchors-v3,observed_log_version_per_type_in_one_batch,incomplete_or_gaps,PII,person_name,个人姓名,controlled,0,False,,{},unavailable_in_historical_log_summary,,,,pending,False,not_established,False,/Users/lzh/Downloads/Log 研究/agentlog_unified/docs/observed_type_inventory_v044.csv,8d9bf1c59ece1c1c883218883da00cefafc301265c04c87a562863805a54fd2d
dataset_commit_changes,aidev,aidev-anchors-v3,observed_log_version_per_type_in_one_batch,incomplete_or_gaps,PII,phone,电话,controlled,0,False,,{},unavailable_in_historical_log_summary,,,,pending,False,not_established,False,/Users/lzh/Downloads/Log 研究/agentlog_unified/docs/observed_type_inventory_v044.csv,8d9bf1c59ece1c1c883218883da00cefafc301265c04c87a562863805a54fd2d
dataset_commit_changes,aidev,aidev-anchors-v3,observed_log_version_per_type_in_one_batch,incomplete_or_gaps,PII,postal_address,通信地址,controlled,0,False,,{},unavailable_in_historical_log_summary,,,,pending,False,not_established,False,/Users/lzh/Downloads/Log 研究/agentlog_unified/docs/observed_type_inventory_v044.csv,8d9bf1c59ece1c1c883218883da00cefafc301265c04c87a562863805a54fd2d
dataset_commit_changes,aidev,aidev-anchors-v3,observed_log_version_per_type_in_one_batch,incomplete_or_gaps,PII,precise_location,精确位置候选,controlled,0,False,,{},unavailable_in_historical_log_summary,,,,pending,False,not_established,False,/Users/lzh/Downloads/Log 研究/agentlog_unified/docs/observed_type_inventory_v044.csv,8d9bf1c59ece1c1c883218883da00cefafc301265c04c87a562863805a54fd2d
dataset_commit_changes,aidev,aidev-anchors-v3,observed_log_version_per_type_in_one_batch,incomplete_or_gaps,PII,unspecified_personal_information,细类待确定,controlled,0,False,,{},unavailable_in_historical_log_summary,,,,pending,False,not_established,False,/Users/lzh/Downloads/Log 研究/agentlog_unified/docs/observed_type_inventory_v044.csv,8d9bf1c59ece1c1c883218883da00cefafc301265c04c87a562863805a54fd2d
dataset_commit_changes,aidev,aidev-anchors-v3,observed_log_version_per_type_in_one_batch,incomplete_or_gaps,QID,device_identifier,设备标识,controlled,0,False,,{},unavailable_in_historical_log_summary,,,,pending,False,not_established,False,/Users/lzh/Downloads/Log 研究/agentlog_unified/docs/observed_type_inventory_v044.csv,8d9bf1c59ece1c1c883218883da00cefafc301265c04c87a562863805a54fd2d
dataset_commit_changes,aidev,aidev-anchors-v3,observed_log_version_per_type_in_one_batch,incomplete_or_gaps,QID,network_identifier,网络关联标识,controlled,4,True,,{},unavailable_in_historical_log_summary,,,,pending,False,not_established,False,/Users/lzh/Downloads/Log 研究/agentlog_unified/docs/observed_type_inventory_v044.csv,8d9bf1c59ece1c1c883218883da00cefafc301265c04c87a562863805a54fd2d
dataset_commit_changes,aidev,aidev-anchors-v3,observed_log_version_per_type_in_one_batch,incomplete_or_gaps,QID,request_identifier,请求关联标识,controlled,0,False,,{},unavailable_in_historical_log_summary,,,,pending,False,not_established,False,/Users/lzh/Downloads/Log 研究/agentlog_unified/docs/observed_type_inventory_v044.csv,8d9bf1c59ece1c1c883218883da00cefafc301265c04c87a562863805a54fd2d
dataset_commit_changes,aidev,aidev-anchors-v3,observed_log_version_per_type_in_one_batch,incomplete_or_gaps,QID,session_identifier,会话标识,controlled,0,False,,{},unavailable_in_historical_log_summary,,,,pending,False,not_established,False,/Users/lzh/Downloads/Log 研究/agentlog_unified/docs/observed_type_inventory_v044.csv,8d9bf1c59ece1c1c883218883da00cefafc301265c04c87a562863805a54fd2d
dataset_commit_changes,aidev,aidev-anchors-v3,observed_log_version_per_type_in_one_batch,incomplete_or_gaps,QID,tenant_identifier,租户标识,controlled,0,False,,{},unavailable_in_historical_log_summary,,,,pending,False,not_established,False,/Users/lzh/Downloads/Log 研究/agentlog_unified/docs/observed_type_inventory_v044.csv,8d9bf1c59ece1c1c883218883da00cefafc301265c04c87a562863805a54fd2d
dataset_commit_changes,aidev,aidev-anchors-v3,observed_log_version_per_type_in_one_batch,incomplete_or_gaps,QID,transaction_identifier,业务关联标识,controlled,0,False,,{},unavailable_in_historical_log_summary,,,,pending,False,not_established,False,/Users/lzh/Downloads/Log 研究/agentlog_unified/docs/observed_type_inventory_v044.csv,8d9bf1c59ece1c1c883218883da00cefafc301265c04c87a562863805a54fd2d
dataset_commit_changes,aidev,aidev-anchors-v3,observed_log_version_per_type_in_one_batch,incomplete_or_gaps,QID,unspecified_linkable_identifier,细类待确定,controlled,0,False,,{},unavailable_in_historical_log_summary,,,,pending,False,not_established,False,/Users/lzh/Downloads/Log 研究/agentlog_unified/docs/observed_type_inventory_v044.csv,8d9bf1c59ece1c1c883218883da00cefafc301265c04c87a562863805a54fd2d
dataset_commit_changes,aidev,aidev-anchors-v3,observed_log_version_per_type_in_one_batch,incomplete_or_gaps,QID,user_identifier,用户或账户标识,controlled,0,False,,{},unavailable_in_historical_log_summary,,,,pending,False,not_established,False,/Users/lzh/Downloads/Log 研究/agentlog_unified/docs/observed_type_inventory_v044.csv,8d9bf1c59ece1c1c883218883da00cefafc301265c04c87a562863805a54fd2d
dataset_commit_changes,aidev,aidev-expansion-v043-final,observed_log_version_per_type_in_one_batch,incomplete_or_gaps,AUTH,access_token,访问令牌,controlled,0,False,,{},unavailable_in_historical_log_summary,,,,pending,False,not_established,False,/Users/lzh/Downloads/Log 研究/agentlog_unified/docs/observed_type_inventory_v044.csv,8d9bf1c59ece1c1c883218883da00cefafc301265c04c87a562863805a54fd2d
dataset_commit_changes,aidev,aidev-expansion-v043-final,observed_log_version_per_type_in_one_batch,incomplete_or_gaps,AUTH,api_key,服务密钥,controlled,0,False,,{},unavailable_in_historical_log_summary,,,,pending,False,not_established,False,/Users/lzh/Downloads/Log 研究/agentlog_unified/docs/observed_type_inventory_v044.csv,8d9bf1c59ece1c1c883218883da00cefafc301265c04c87a562863805a54fd2d
dataset_commit_changes,aidev,aidev-expansion-v043-final,observed_log_version_per_type_in_one_batch,incomplete_or_gaps,AUTH,auth_cookie,认证 Cookie,controlled,0,False,,{},unavailable_in_historical_log_summary,,,,pending,False,not_established,False,/Users/lzh/Downloads/Log 研究/agentlog_unified/docs/observed_type_inventory_v044.csv,8d9bf1c59ece1c1c883218883da00cefafc301265c04c87a562863805a54fd2d
dataset_commit_changes,aidev,aidev-expansion-v043-final,observed_log_version_per_type_in_one_batch,incomplete_or_gaps,AUTH,authorization_header,认证头,controlled,0,False,,{},unavailable_in_historical_log_summary,,,,pending,False,not_established,False,/Users/lzh/Downloads/Log 研究/agentlog_unified/docs/observed_type_inventory_v044.csv,8d9bf1c59ece1c1c883218883da00cefafc301265c04c87a562863805a54fd2d
dataset_commit_changes,aidev,aidev-expansion-v043-final,observed_log_version_per_type_in_one_batch,incomplete_or_gaps,AUTH,credential_bundle,其他认证秘密或凭证对象,controlled,0,False,,{},unavailable_in_historical_log_summary,,,,pending,False,not_established,False,/Users/lzh/Downloads/Log 研究/agentlog_unified/docs/observed_type_inventory_v044.csv,8d9bf1c59ece1c1c883218883da00cefafc301265c04c87a562863805a54fd2d
dataset_commit_changes,aidev,aidev-expansion-v043-final,observed_log_version_per_type_in_one_batch,incomplete_or_gaps,AUTH,password,密码,controlled,0,False,,{},unavailable_in_historical_log_summary,,,,pending,False,not_established,False,/Users/lzh/Downloads/Log 研究/agentlog_unified/docs/observed_type_inventory_v044.csv,8d9bf1c59ece1c1c883218883da00cefafc301265c04c87a562863805a54fd2d
dataset_commit_changes,aidev,aidev-expansion-v043-final,observed_log_version_per_type_in_one_batch,incomplete_or_gaps,AUTH,private_key,私钥,controlled,0,False,,{},unavailable_in_historical_log_summary,,,,pending,False,not_established,False,/Users/lzh/Downloads/Log 研究/agentlog_unified/docs/observed_type_inventory_v044.csv,8d9bf1c59ece1c1c883218883da00cefafc301265c04c87a562863805a54fd2d
dataset_commit_changes,aidev,aidev-expansion-v043-final,observed_log_version_per_type_in_one_batch,incomplete_or_gaps,BIZ,business_object,业务对象载体,controlled,107,True,,{},unavailable_in_historical_log_summary,,,,pending,False,not_established,False,/Users/lzh/Downloads/Log 研究/agentlog_unified/docs/observed_type_inventory_v044.csv,8d9bf1c59ece1c1c883218883da00cefafc301265c04c87a562863805a54fd2d
dataset_commit_changes,aidev,aidev-expansion-v043-final,observed_log_version_per_type_in_one_batch,incomplete_or_gaps,BIZ,document_content,文档及内容载体,controlled,6,True,,{},unavailable_in_historical_log_summary,,,,pending,False,not_established,False,/Users/lzh/Downloads/Log 研究/agentlog_unified/docs/observed_type_inventory_v044.csv,8d9bf1c59ece1c1c883218883da00cefafc301265c04c87a562863805a54fd2d
dataset_commit_changes,aidev,aidev-expansion-v043-final,observed_log_version_per_type_in_one_batch,incomplete_or_gaps,BIZ,http_headers,请求响应头载体,controlled,0,False,,{},unavailable_in_historical_log_summary,,,,pending,False,not_established,False,/Users/lzh/Downloads/Log 研究/agentlog_unified/docs/observed_type_inventory_v044.csv,8d9bf1c59ece1c1c883218883da00cefafc301265c04c87a562863805a54fd2d
dataset_commit_changes,aidev,aidev-expansion-v043-final,observed_log_version_per_type_in_one_batch,incomplete_or_gaps,BIZ,message_content,业务聊天内容载体,controlled,22,True,,{},unavailable_in_historical_log_summary,,,,pending,False,not_established,False,/Users/lzh/Downloads/Log 研究/agentlog_unified/docs/observed_type_inventory_v044.csv,8d9bf1c59ece1c1c883218883da00cefafc301265c04c87a562863805a54fd2d
dataset_commit_changes,aidev,aidev-expansion-v043-final,observed_log_version_per_type_in_one_batch,incomplete_or_gaps,BIZ,request_body,请求体载体,controlled,0,False,,{},unavailable_in_historical_log_summary,,,,pending,False,not_established,False,/Users/lzh/Downloads/Log 研究/agentlog_unified/docs/observed_type_inventory_v044.csv,8d9bf1c59ece1c1c883218883da00cefafc301265c04c87a562863805a54fd2d
dataset_commit_changes,aidev,aidev-expansion-v043-final,observed_log_version_per_type_in_one_batch,incomplete_or_gaps,BIZ,response_body,响应体载体,controlled,57,True,,{},unavailable_in_historical_log_summary,,,,pending,False,not_established,False,/Users/lzh/Downloads/Log 研究/agentlog_unified/docs/observed_type_inventory_v044.csv,8d9bf1c59ece1c1c883218883da00cefafc301265c04c87a562863805a54fd2d
dataset_commit_changes,aidev,aidev-expansion-v043-final,observed_log_version_per_type_in_one_batch,incomplete_or_gaps,BIZ,unclassified_content,细类待确定,controlled,0,False,,{},unavailable_in_historical_log_summary,,,,pending,False,not_established,False,/Users/lzh/Downloads/Log 研究/agentlog_unified/docs/observed_type_inventory_v044.csv,8d9bf1c59ece1c1c883218883da00cefafc301265c04c87a562863805a54fd2d
dataset_commit_changes,aidev,aidev-expansion-v043-final,observed_log_version_per_type_in_one_batch,incomplete_or_gaps,BIZ,unclassified_object,细类待确定,controlled,0,False,,{},unavailable_in_historical_log_summary,,,,pending,False,not_established,False,/Users/lzh/Downloads/Log 研究/agentlog_unified/docs/observed_type_inventory_v044.csv,8d9bf1c59ece1c1c883218883da00cefafc301265c04c87a562863805a54fd2d
dataset_commit_changes,aidev,aidev-expansion-v043-final,observed_log_version_per_type_in_one_batch,incomplete_or_gaps,CFG,database_connection,数据库连接,controlled,0,False,,{},unavailable_in_historical_log_summary,,,,pending,False,not_established,False,/Users/lzh/Downloads/Log 研究/agentlog_unified/docs/observed_type_inventory_v044.csv,8d9bf1c59ece1c1c883218883da00cefafc301265c04c87a562863805a54fd2d
dataset_commit_changes,aidev,aidev-expansion-v043-final,observed_log_version_per_type_in_one_batch,incomplete_or_gaps,CFG,deployment_configuration,配置及部署载体,controlled,0,False,,{},unavailable_in_historical_log_summary,,,,pending,False,not_established,False,/Users/lzh/Downloads/Log 研究/agentlog_unified/docs/observed_type_inventory_v044.csv,8d9bf1c59ece1c1c883218883da00cefafc301265c04c87a562863805a54fd2d
dataset_commit_changes,aidev,aidev-expansion-v043-final,observed_log_version_per_type_in_one_batch,incomplete_or_gaps,CFG,environment,环境变量载体,controlled,0,False,,{},unavailable_in_historical_log_summary,,,,pending,False,not_established,False,/Users/lzh/Downloads/Log 研究/agentlog_unified/docs/observed_type_inventory_v044.csv,8d9bf1c59ece1c1c883218883da00cefafc301265c04c87a562863805a54fd2d
dataset_commit_changes,aidev,aidev-expansion-v043-final,observed_log_version_per_type_in_one_batch,incomplete_or_gaps,CFG,filesystem_path,内部文件路径,controlled,0,False,,{},unavailable_in_historical_log_summary,,,,pending,False,not_established,False,/Users/lzh/Downloads/Log 研究/agentlog_unified/docs/observed_type_inventory_v044.csv,8d9bf1c59ece1c1c883218883da00cefafc301265c04c87a562863805a54fd2d
dataset_commit_changes,aidev,aidev-expansion-v043-final,observed_log_version_per_type_in_one_batch,incomplete_or_gaps,CFG,internal_endpoint,内部端点,controlled,0,False,,{},unavailable_in_historical_log_summary,,,,pending,False,not_established,False,/Users/lzh/Downloads/Log 研究/agentlog_unified/docs/observed_type_inventory_v044.csv,8d9bf1c59ece1c1c883218883da00cefafc301265c04c87a562863805a54fd2d
dataset_commit_changes,aidev,aidev-expansion-v043-final,observed_log_version_per_type_in_one_batch,incomplete_or_gaps,CFG,unclassified_internal_resource,细类待确定,controlled,0,False,,{},unavailable_in_historical_log_summary,,,,pending,False,not_established,False,/Users/lzh/Downloads/Log 研究/agentlog_unified/docs/observed_type_inventory_v044.csv,8d9bf1c59ece1c1c883218883da00cefafc301265c04c87a562863805a54fd2d
dataset_commit_changes,aidev,aidev-expansion-v043-final,observed_log_version_per_type_in_one_batch,incomplete_or_gaps,DIAG,exception_message,异常内容载体,controlled,1,True,,{},unavailable_in_historical_log_summary,,,,pending,False,not_established,False,/Users/lzh/Downloads/Log 研究/agentlog_unified/docs/observed_type_inventory_v044.csv,8d9bf1c59ece1c1c883218883da00cefafc301265c04c87a562863805a54fd2d
dataset_commit_changes,aidev,aidev-expansion-v043-final,observed_log_version_per_type_in_one_batch,incomplete_or_gaps,DIAG,failure_response,失败响应载体,controlled,0,False,,{},unavailable_in_historical_log_summary,,,,pending,False,not_established,False,/Users/lzh/Downloads/Log 研究/agentlog_unified/docs/observed_type_inventory_v044.csv,8d9bf1c59ece1c1c883218883da00cefafc301265c04c87a562863805a54fd2d
dataset_commit_changes,aidev,aidev-expansion-v043-final,observed_log_version_per_type_in_one_batch,incomplete_or_gaps,DIAG,stack_trace,堆栈载体,controlled,0,False,,{},unavailable_in_historical_log_summary,,,,pending,False,not_established,False,/Users/lzh/Downloads/Log 研究/agentlog_unified/docs/observed_type_inventory_v044.csv,8d9bf1c59ece1c1c883218883da00cefafc301265c04c87a562863805a54fd2d
dataset_commit_changes,aidev,aidev-expansion-v043-final,observed_log_version_per_type_in_one_batch,incomplete_or_gaps,PII,biometric,生物特征,controlled,0,False,,{},unavailable_in_historical_log_summary,,,,pending,False,not_established,False,/Users/lzh/Downloads/Log 研究/agentlog_unified/docs/observed_type_inventory_v044.csv,8d9bf1c59ece1c1c883218883da00cefafc301265c04c87a562863805a54fd2d
dataset_commit_changes,aidev,aidev-expansion-v043-final,observed_log_version_per_type_in_one_batch,incomplete_or_gaps,PII,email,邮箱,controlled,4,True,,{},unavailable_in_historical_log_summary,,,,pending,False,not_established,False,/Users/lzh/Downloads/Log 研究/agentlog_unified/docs/observed_type_inventory_v044.csv,8d9bf1c59ece1c1c883218883da00cefafc301265c04c87a562863805a54fd2d
dataset_commit_changes,aidev,aidev-expansion-v043-final,observed_log_version_per_type_in_one_batch,incomplete_or_gaps,PII,financial,个人金融信息,controlled,0,False,,{},unavailable_in_historical_log_summary,,,,pending,False,not_established,False,/Users/lzh/Downloads/Log 研究/agentlog_unified/docs/observed_type_inventory_v044.csv,8d9bf1c59ece1c1c883218883da00cefafc301265c04c87a562863805a54fd2d
dataset_commit_changes,aidev,aidev-expansion-v043-final,observed_log_version_per_type_in_one_batch,incomplete_or_gaps,PII,government_identifier,政府证件标识,controlled,0,False,,{},unavailable_in_historical_log_summary,,,,pending,False,not_established,False,/Users/lzh/Downloads/Log 研究/agentlog_unified/docs/observed_type_inventory_v044.csv,8d9bf1c59ece1c1c883218883da00cefafc301265c04c87a562863805a54fd2d
dataset_commit_changes,aidev,aidev-expansion-v043-final,observed_log_version_per_type_in_one_batch,incomplete_or_gaps,PII,medical,医疗健康信息,controlled,0,False,,{},unavailable_in_historical_log_summary,,,,pending,False,not_established,False,/Users/lzh/Downloads/Log 研究/agentlog_unified/docs/observed_type_inventory_v044.csv,8d9bf1c59ece1c1c883218883da00cefafc301265c04c87a562863805a54fd2d
dataset_commit_changes,aidev,aidev-expansion-v043-final,observed_log_version_per_type_in_one_batch,incomplete_or_gaps,PII,person_name,个人姓名,controlled,16,True,,{},unavailable_in_historical_log_summary,,,,pending,False,not_established,False,/Users/lzh/Downloads/Log 研究/agentlog_unified/docs/observed_type_inventory_v044.csv,8d9bf1c59ece1c1c883218883da00cefafc301265c04c87a562863805a54fd2d
dataset_commit_changes,aidev,aidev-expansion-v043-final,observed_log_version_per_type_in_one_batch,incomplete_or_gaps,PII,phone,电话,controlled,0,False,,{},unavailable_in_historical_log_summary,,,,pending,False,not_established,False,/Users/lzh/Downloads/Log 研究/agentlog_unified/docs/observed_type_inventory_v044.csv,8d9bf1c59ece1c1c883218883da00cefafc301265c04c87a562863805a54fd2d
dataset_commit_changes,aidev,aidev-expansion-v043-final,observed_log_version_per_type_in_one_batch,incomplete_or_gaps,PII,postal_address,通信地址,controlled,4,True,,{},unavailable_in_historical_log_summary,,,,pending,False,not_established,False,/Users/lzh/Downloads/Log 研究/agentlog_unified/docs/observed_type_inventory_v044.csv,8d9bf1c59ece1c1c883218883da00cefafc301265c04c87a562863805a54fd2d
dataset_commit_changes,aidev,aidev-expansion-v043-final,observed_log_version_per_type_in_one_batch,incomplete_or_gaps,PII,precise_location,精确位置候选,controlled,0,False,,{},unavailable_in_historical_log_summary,,,,pending,False,not_established,False,/Users/lzh/Downloads/Log 研究/agentlog_unified/docs/observed_type_inventory_v044.csv,8d9bf1c59ece1c1c883218883da00cefafc301265c04c87a562863805a54fd2d
dataset_commit_changes,aidev,aidev-expansion-v043-final,observed_log_version_per_type_in_one_batch,incomplete_or_gaps,PII,unspecified_personal_information,细类待确定,controlled,0,False,,{},unavailable_in_historical_log_summary,,,,pending,False,not_established,False,/Users/lzh/Downloads/Log 研究/agentlog_unified/docs/observed_type_inventory_v044.csv,8d9bf1c59ece1c1c883218883da00cefafc301265c04c87a562863805a54fd2d
dataset_commit_changes,aidev,aidev-expansion-v043-final,observed_log_version_per_type_in_one_batch,incomplete_or_gaps,QID,device_identifier,设备标识,controlled,0,False,,{},unavailable_in_historical_log_summary,,,,pending,False,not_established,False,/Users/lzh/Downloads/Log 研究/agentlog_unified/docs/observed_type_inventory_v044.csv,8d9bf1c59ece1c1c883218883da00cefafc301265c04c87a562863805a54fd2d
dataset_commit_changes,aidev,aidev-expansion-v043-final,observed_log_version_per_type_in_one_batch,incomplete_or_gaps,QID,network_identifier,网络关联标识,controlled,0,False,,{},unavailable_in_historical_log_summary,,,,pending,False,not_established,False,/Users/lzh/Downloads/Log 研究/agentlog_unified/docs/observed_type_inventory_v044.csv,8d9bf1c59ece1c1c883218883da00cefafc301265c04c87a562863805a54fd2d
dataset_commit_changes,aidev,aidev-expansion-v043-final,observed_log_version_per_type_in_one_batch,incomplete_or_gaps,QID,request_identifier,请求关联标识,controlled,0,False,,{},unavailable_in_historical_log_summary,,,,pending,False,not_established,False,/Users/lzh/Downloads/Log 研究/agentlog_unified/docs/observed_type_inventory_v044.csv,8d9bf1c59ece1c1c883218883da00cefafc301265c04c87a562863805a54fd2d
dataset_commit_changes,aidev,aidev-expansion-v043-final,observed_log_version_per_type_in_one_batch,incomplete_or_gaps,QID,session_identifier,会话标识,controlled,0,False,,{},unavailable_in_historical_log_summary,,,,pending,False,not_established,False,/Users/lzh/Downloads/Log 研究/agentlog_unified/docs/observed_type_inventory_v044.csv,8d9bf1c59ece1c1c883218883da00cefafc301265c04c87a562863805a54fd2d
dataset_commit_changes,aidev,aidev-expansion-v043-final,observed_log_version_per_type_in_one_batch,incomplete_or_gaps,QID,tenant_identifier,租户标识,controlled,0,False,,{},unavailable_in_historical_log_summary,,,,pending,False,not_established,False,/Users/lzh/Downloads/Log 研究/agentlog_unified/docs/observed_type_inventory_v044.csv,8d9bf1c59ece1c1c883218883da00cefafc301265c04c87a562863805a54fd2d
dataset_commit_changes,aidev,aidev-expansion-v043-final,observed_log_version_per_type_in_one_batch,incomplete_or_gaps,QID,transaction_identifier,业务关联标识,controlled,0,False,,{},unavailable_in_historical_log_summary,,,,pending,False,not_established,False,/Users/lzh/Downloads/Log 研究/agentlog_unified/docs/observed_type_inventory_v044.csv,8d9bf1c59ece1c1c883218883da00cefafc301265c04c87a562863805a54fd2d
dataset_commit_changes,aidev,aidev-expansion-v043-final,observed_log_version_per_type_in_one_batch,incomplete_or_gaps,QID,unspecified_linkable_identifier,细类待确定,controlled,0,False,,{},unavailable_in_historical_log_summary,,,,pending,False,not_established,False,/Users/lzh/Downloads/Log 研究/agentlog_unified/docs/observed_type_inventory_v044.csv,8d9bf1c59ece1c1c883218883da00cefafc301265c04c87a562863805a54fd2d
dataset_commit_changes,aidev,aidev-expansion-v043-final,observed_log_version_per_type_in_one_batch,incomplete_or_gaps,QID,user_identifier,用户或账户标识,controlled,0,False,,{},unavailable_in_historical_log_summary,,,,pending,False,not_established,False,/Users/lzh/Downloads/Log 研究/agentlog_unified/docs/observed_type_inventory_v044.csv,8d9bf1c59ece1c1c883218883da00cefafc301265c04c87a562863805a54fd2d
dataset_commit_changes,aidev,aidev-expansion-v044,observed_log_version_per_type_in_one_batch,incomplete_or_gaps,AUTH,access_token,访问令牌,controlled,0,False,,{},unavailable_in_historical_log_summary,,,,pending,False,not_established,False,/Users/lzh/Downloads/Log 研究/agentlog_unified/docs/observed_type_inventory_v044.csv,8d9bf1c59ece1c1c883218883da00cefafc301265c04c87a562863805a54fd2d
dataset_commit_changes,aidev,aidev-expansion-v044,observed_log_version_per_type_in_one_batch,incomplete_or_gaps,AUTH,api_key,服务密钥,controlled,3,True,,{},unavailable_in_historical_log_summary,,,,pending,False,not_established,False,/Users/lzh/Downloads/Log 研究/agentlog_unified/docs/observed_type_inventory_v044.csv,8d9bf1c59ece1c1c883218883da00cefafc301265c04c87a562863805a54fd2d
dataset_commit_changes,aidev,aidev-expansion-v044,observed_log_version_per_type_in_one_batch,incomplete_or_gaps,AUTH,auth_cookie,认证 Cookie,controlled,0,False,,{},unavailable_in_historical_log_summary,,,,pending,False,not_established,False,/Users/lzh/Downloads/Log 研究/agentlog_unified/docs/observed_type_inventory_v044.csv,8d9bf1c59ece1c1c883218883da00cefafc301265c04c87a562863805a54fd2d
dataset_commit_changes,aidev,aidev-expansion-v044,observed_log_version_per_type_in_one_batch,incomplete_or_gaps,AUTH,authorization_header,认证头,controlled,0,False,,{},unavailable_in_historical_log_summary,,,,pending,False,not_established,False,/Users/lzh/Downloads/Log 研究/agentlog_unified/docs/observed_type_inventory_v044.csv,8d9bf1c59ece1c1c883218883da00cefafc301265c04c87a562863805a54fd2d
dataset_commit_changes,aidev,aidev-expansion-v044,observed_log_version_per_type_in_one_batch,incomplete_or_gaps,AUTH,credential_bundle,其他认证秘密或凭证对象,controlled,0,False,,{},unavailable_in_historical_log_summary,,,,pending,False,not_established,False,/Users/lzh/Downloads/Log 研究/agentlog_unified/docs/observed_type_inventory_v044.csv,8d9bf1c59ece1c1c883218883da00cefafc301265c04c87a562863805a54fd2d
dataset_commit_changes,aidev,aidev-expansion-v044,observed_log_version_per_type_in_one_batch,incomplete_or_gaps,AUTH,password,密码,controlled,0,False,,{},unavailable_in_historical_log_summary,,,,pending,False,not_established,False,/Users/lzh/Downloads/Log 研究/agentlog_unified/docs/observed_type_inventory_v044.csv,8d9bf1c59ece1c1c883218883da00cefafc301265c04c87a562863805a54fd2d
dataset_commit_changes,aidev,aidev-expansion-v044,observed_log_version_per_type_in_one_batch,incomplete_or_gaps,AUTH,private_key,私钥,controlled,0,False,,{},unavailable_in_historical_log_summary,,,,pending,False,not_established,False,/Users/lzh/Downloads/Log 研究/agentlog_unified/docs/observed_type_inventory_v044.csv,8d9bf1c59ece1c1c883218883da00cefafc301265c04c87a562863805a54fd2d
dataset_commit_changes,aidev,aidev-expansion-v044,observed_log_version_per_type_in_one_batch,incomplete_or_gaps,BIZ,business_object,业务对象载体,controlled,10,True,,{},unavailable_in_historical_log_summary,,,,pending,False,not_established,False,/Users/lzh/Downloads/Log 研究/agentlog_unified/docs/observed_type_inventory_v044.csv,8d9bf1c59ece1c1c883218883da00cefafc301265c04c87a562863805a54fd2d
dataset_commit_changes,aidev,aidev-expansion-v044,observed_log_version_per_type_in_one_batch,incomplete_or_gaps,BIZ,document_content,文档及内容载体,controlled,6,True,,{},unavailable_in_historical_log_summary,,,,pending,False,not_established,False,/Users/lzh/Downloads/Log 研究/agentlog_unified/docs/observed_type_inventory_v044.csv,8d9bf1c59ece1c1c883218883da00cefafc301265c04c87a562863805a54fd2d
dataset_commit_changes,aidev,aidev-expansion-v044,observed_log_version_per_type_in_one_batch,incomplete_or_gaps,BIZ,http_headers,请求响应头载体,controlled,0,False,,{},unavailable_in_historical_log_summary,,,,pending,False,not_established,False,/Users/lzh/Downloads/Log 研究/agentlog_unified/docs/observed_type_inventory_v044.csv,8d9bf1c59ece1c1c883218883da00cefafc301265c04c87a562863805a54fd2d
dataset_commit_changes,aidev,aidev-expansion-v044,observed_log_version_per_type_in_one_batch,incomplete_or_gaps,BIZ,message_content,业务聊天内容载体,controlled,14,True,,{},unavailable_in_historical_log_summary,,,,pending,False,not_established,False,/Users/lzh/Downloads/Log 研究/agentlog_unified/docs/observed_type_inventory_v044.csv,8d9bf1c59ece1c1c883218883da00cefafc301265c04c87a562863805a54fd2d
dataset_commit_changes,aidev,aidev-expansion-v044,observed_log_version_per_type_in_one_batch,incomplete_or_gaps,BIZ,request_body,请求体载体,controlled,6,True,,{},unavailable_in_historical_log_summary,,,,pending,False,not_established,False,/Users/lzh/Downloads/Log 研究/agentlog_unified/docs/observed_type_inventory_v044.csv,8d9bf1c59ece1c1c883218883da00cefafc301265c04c87a562863805a54fd2d
dataset_commit_changes,aidev,aidev-expansion-v044,observed_log_version_per_type_in_one_batch,incomplete_or_gaps,BIZ,response_body,响应体载体,controlled,37,True,,{},unavailable_in_historical_log_summary,,,,pending,False,not_established,False,/Users/lzh/Downloads/Log 研究/agentlog_unified/docs/observed_type_inventory_v044.csv,8d9bf1c59ece1c1c883218883da00cefafc301265c04c87a562863805a54fd2d
dataset_commit_changes,aidev,aidev-expansion-v044,observed_log_version_per_type_in_one_batch,incomplete_or_gaps,BIZ,unclassified_content,细类待确定,controlled,0,False,,{},unavailable_in_historical_log_summary,,,,pending,False,not_established,False,/Users/lzh/Downloads/Log 研究/agentlog_unified/docs/observed_type_inventory_v044.csv,8d9bf1c59ece1c1c883218883da00cefafc301265c04c87a562863805a54fd2d
dataset_commit_changes,aidev,aidev-expansion-v044,observed_log_version_per_type_in_one_batch,incomplete_or_gaps,BIZ,unclassified_object,细类待确定,controlled,0,False,,{},unavailable_in_historical_log_summary,,,,pending,False,not_established,False,/Users/lzh/Downloads/Log 研究/agentlog_unified/docs/observed_type_inventory_v044.csv,8d9bf1c59ece1c1c883218883da00cefafc301265c04c87a562863805a54fd2d
dataset_commit_changes,aidev,aidev-expansion-v044,observed_log_version_per_type_in_one_batch,incomplete_or_gaps,CFG,database_connection,数据库连接,controlled,0,False,,{},unavailable_in_historical_log_summary,,,,pending,False,not_established,False,/Users/lzh/Downloads/Log 研究/agentlog_unified/docs/observed_type_inventory_v044.csv,8d9bf1c59ece1c1c883218883da00cefafc301265c04c87a562863805a54fd2d
dataset_commit_changes,aidev,aidev-expansion-v044,observed_log_version_per_type_in_one_batch,incomplete_or_gaps,CFG,deployment_configuration,配置及部署载体,controlled,14,True,,{},unavailable_in_historical_log_summary,,,,pending,False,not_established,False,/Users/lzh/Downloads/Log 研究/agentlog_unified/docs/observed_type_inventory_v044.csv,8d9bf1c59ece1c1c883218883da00cefafc301265c04c87a562863805a54fd2d
dataset_commit_changes,aidev,aidev-expansion-v044,observed_log_version_per_type_in_one_batch,incomplete_or_gaps,CFG,environment,环境变量载体,controlled,0,False,,{},unavailable_in_historical_log_summary,,,,pending,False,not_established,False,/Users/lzh/Downloads/Log 研究/agentlog_unified/docs/observed_type_inventory_v044.csv,8d9bf1c59ece1c1c883218883da00cefafc301265c04c87a562863805a54fd2d
dataset_commit_changes,aidev,aidev-expansion-v044,observed_log_version_per_type_in_one_batch,incomplete_or_gaps,CFG,filesystem_path,内部文件路径,controlled,13,True,,{},unavailable_in_historical_log_summary,,,,pending,False,not_established,False,/Users/lzh/Downloads/Log 研究/agentlog_unified/docs/observed_type_inventory_v044.csv,8d9bf1c59ece1c1c883218883da00cefafc301265c04c87a562863805a54fd2d
dataset_commit_changes,aidev,aidev-expansion-v044,observed_log_version_per_type_in_one_batch,incomplete_or_gaps,CFG,internal_endpoint,内部端点,controlled,0,False,,{},unavailable_in_historical_log_summary,,,,pending,False,not_established,False,/Users/lzh/Downloads/Log 研究/agentlog_unified/docs/observed_type_inventory_v044.csv,8d9bf1c59ece1c1c883218883da00cefafc301265c04c87a562863805a54fd2d
dataset_commit_changes,aidev,aidev-expansion-v044,observed_log_version_per_type_in_one_batch,incomplete_or_gaps,CFG,unclassified_internal_resource,细类待确定,controlled,0,False,,{},unavailable_in_historical_log_summary,,,,pending,False,not_established,False,/Users/lzh/Downloads/Log 研究/agentlog_unified/docs/observed_type_inventory_v044.csv,8d9bf1c59ece1c1c883218883da00cefafc301265c04c87a562863805a54fd2d
dataset_commit_changes,aidev,aidev-expansion-v044,observed_log_version_per_type_in_one_batch,incomplete_or_gaps,DIAG,exception_message,异常内容载体,controlled,4,True,,{},unavailable_in_historical_log_summary,,,,pending,False,not_established,False,/Users/lzh/Downloads/Log 研究/agentlog_unified/docs/observed_type_inventory_v044.csv,8d9bf1c59ece1c1c883218883da00cefafc301265c04c87a562863805a54fd2d
dataset_commit_changes,aidev,aidev-expansion-v044,observed_log_version_per_type_in_one_batch,incomplete_or_gaps,DIAG,failure_response,失败响应载体,controlled,0,False,,{},unavailable_in_historical_log_summary,,,,pending,False,not_established,False,/Users/lzh/Downloads/Log 研究/agentlog_unified/docs/observed_type_inventory_v044.csv,8d9bf1c59ece1c1c883218883da00cefafc301265c04c87a562863805a54fd2d
dataset_commit_changes,aidev,aidev-expansion-v044,observed_log_version_per_type_in_one_batch,incomplete_or_gaps,DIAG,stack_trace,堆栈载体,controlled,16,True,,{},unavailable_in_historical_log_summary,,,,pending,False,not_established,False,/Users/lzh/Downloads/Log 研究/agentlog_unified/docs/observed_type_inventory_v044.csv,8d9bf1c59ece1c1c883218883da00cefafc301265c04c87a562863805a54fd2d
dataset_commit_changes,aidev,aidev-expansion-v044,observed_log_version_per_type_in_one_batch,incomplete_or_gaps,PII,biometric,生物特征,controlled,0,False,,{},unavailable_in_historical_log_summary,,,,pending,False,not_established,False,/Users/lzh/Downloads/Log 研究/agentlog_unified/docs/observed_type_inventory_v044.csv,8d9bf1c59ece1c1c883218883da00cefafc301265c04c87a562863805a54fd2d
dataset_commit_changes,aidev,aidev-expansion-v044,observed_log_version_per_type_in_one_batch,incomplete_or_gaps,PII,email,邮箱,controlled,4,True,,{},unavailable_in_historical_log_summary,,,,pending,False,not_established,False,/Users/lzh/Downloads/Log 研究/agentlog_unified/docs/observed_type_inventory_v044.csv,8d9bf1c59ece1c1c883218883da00cefafc301265c04c87a562863805a54fd2d
dataset_commit_changes,aidev,aidev-expansion-v044,observed_log_version_per_type_in_one_batch,incomplete_or_gaps,PII,financial,个人金融信息,controlled,0,False,,{},unavailable_in_historical_log_summary,,,,pending,False,not_established,False,/Users/lzh/Downloads/Log 研究/agentlog_unified/docs/observed_type_inventory_v044.csv,8d9bf1c59ece1c1c883218883da00cefafc301265c04c87a562863805a54fd2d
dataset_commit_changes,aidev,aidev-expansion-v044,observed_log_version_per_type_in_one_batch,incomplete_or_gaps,PII,government_identifier,政府证件标识,controlled,0,False,,{},unavailable_in_historical_log_summary,,,,pending,False,not_established,False,/Users/lzh/Downloads/Log 研究/agentlog_unified/docs/observed_type_inventory_v044.csv,8d9bf1c59ece1c1c883218883da00cefafc301265c04c87a562863805a54fd2d
dataset_commit_changes,aidev,aidev-expansion-v044,observed_log_version_per_type_in_one_batch,incomplete_or_gaps,PII,medical,医疗健康信息,controlled,0,False,,{},unavailable_in_historical_log_summary,,,,pending,False,not_established,False,/Users/lzh/Downloads/Log 研究/agentlog_unified/docs/observed_type_inventory_v044.csv,8d9bf1c59ece1c1c883218883da00cefafc301265c04c87a562863805a54fd2d
dataset_commit_changes,aidev,aidev-expansion-v044,observed_log_version_per_type_in_one_batch,incomplete_or_gaps,PII,person_name,个人姓名,controlled,4,True,,{},unavailable_in_historical_log_summary,,,,pending,False,not_established,False,/Users/lzh/Downloads/Log 研究/agentlog_unified/docs/observed_type_inventory_v044.csv,8d9bf1c59ece1c1c883218883da00cefafc301265c04c87a562863805a54fd2d
dataset_commit_changes,aidev,aidev-expansion-v044,observed_log_version_per_type_in_one_batch,incomplete_or_gaps,PII,phone,电话,controlled,0,False,,{},unavailable_in_historical_log_summary,,,,pending,False,not_established,False,/Users/lzh/Downloads/Log 研究/agentlog_unified/docs/observed_type_inventory_v044.csv,8d9bf1c59ece1c1c883218883da00cefafc301265c04c87a562863805a54fd2d
dataset_commit_changes,aidev,aidev-expansion-v044,observed_log_version_per_type_in_one_batch,incomplete_or_gaps,PII,postal_address,通信地址,controlled,0,False,,{},unavailable_in_historical_log_summary,,,,pending,False,not_established,False,/Users/lzh/Downloads/Log 研究/agentlog_unified/docs/observed_type_inventory_v044.csv,8d9bf1c59ece1c1c883218883da00cefafc301265c04c87a562863805a54fd2d
dataset_commit_changes,aidev,aidev-expansion-v044,observed_log_version_per_type_in_one_batch,incomplete_or_gaps,PII,precise_location,精确位置候选,controlled,0,False,,{},unavailable_in_historical_log_summary,,,,pending,False,not_established,False,/Users/lzh/Downloads/Log 研究/agentlog_unified/docs/observed_type_inventory_v044.csv,8d9bf1c59ece1c1c883218883da00cefafc301265c04c87a562863805a54fd2d
dataset_commit_changes,aidev,aidev-expansion-v044,observed_log_version_per_type_in_one_batch,incomplete_or_gaps,PII,unspecified_personal_information,细类待确定,controlled,0,False,,{},unavailable_in_historical_log_summary,,,,pending,False,not_established,False,/Users/lzh/Downloads/Log 研究/agentlog_unified/docs/observed_type_inventory_v044.csv,8d9bf1c59ece1c1c883218883da00cefafc301265c04c87a562863805a54fd2d
dataset_commit_changes,aidev,aidev-expansion-v044,observed_log_version_per_type_in_one_batch,incomplete_or_gaps,QID,device_identifier,设备标识,controlled,0,False,,{},unavailable_in_historical_log_summary,,,,pending,False,not_established,False,/Users/lzh/Downloads/Log 研究/agentlog_unified/docs/observed_type_inventory_v044.csv,8d9bf1c59ece1c1c883218883da00cefafc301265c04c87a562863805a54fd2d
dataset_commit_changes,aidev,aidev-expansion-v044,observed_log_version_per_type_in_one_batch,incomplete_or_gaps,QID,network_identifier,网络关联标识,controlled,0,False,,{},unavailable_in_historical_log_summary,,,,pending,False,not_established,False,/Users/lzh/Downloads/Log 研究/agentlog_unified/docs/observed_type_inventory_v044.csv,8d9bf1c59ece1c1c883218883da00cefafc301265c04c87a562863805a54fd2d
dataset_commit_changes,aidev,aidev-expansion-v044,observed_log_version_per_type_in_one_batch,incomplete_or_gaps,QID,request_identifier,请求关联标识,controlled,0,False,,{},unavailable_in_historical_log_summary,,,,pending,False,not_established,False,/Users/lzh/Downloads/Log 研究/agentlog_unified/docs/observed_type_inventory_v044.csv,8d9bf1c59ece1c1c883218883da00cefafc301265c04c87a562863805a54fd2d
dataset_commit_changes,aidev,aidev-expansion-v044,observed_log_version_per_type_in_one_batch,incomplete_or_gaps,QID,session_identifier,会话标识,controlled,0,False,,{},unavailable_in_historical_log_summary,,,,pending,False,not_established,False,/Users/lzh/Downloads/Log 研究/agentlog_unified/docs/observed_type_inventory_v044.csv,8d9bf1c59ece1c1c883218883da00cefafc301265c04c87a562863805a54fd2d
dataset_commit_changes,aidev,aidev-expansion-v044,observed_log_version_per_type_in_one_batch,incomplete_or_gaps,QID,tenant_identifier,租户标识,controlled,0,False,,{},unavailable_in_historical_log_summary,,,,pending,False,not_established,False,/Users/lzh/Downloads/Log 研究/agentlog_unified/docs/observed_type_inventory_v044.csv,8d9bf1c59ece1c1c883218883da00cefafc301265c04c87a562863805a54fd2d
dataset_commit_changes,aidev,aidev-expansion-v044,observed_log_version_per_type_in_one_batch,incomplete_or_gaps,QID,transaction_identifier,业务关联标识,controlled,0,False,,{},unavailable_in_historical_log_summary,,,,pending,False,not_established,False,/Users/lzh/Downloads/Log 研究/agentlog_unified/docs/observed_type_inventory_v044.csv,8d9bf1c59ece1c1c883218883da00cefafc301265c04c87a562863805a54fd2d
dataset_commit_changes,aidev,aidev-expansion-v044,observed_log_version_per_type_in_one_batch,incomplete_or_gaps,QID,unspecified_linkable_identifier,细类待确定,controlled,0,False,,{},unavailable_in_historical_log_summary,,,,pending,False,not_established,False,/Users/lzh/Downloads/Log 研究/agentlog_unified/docs/observed_type_inventory_v044.csv,8d9bf1c59ece1c1c883218883da00cefafc301265c04c87a562863805a54fd2d
dataset_commit_changes,aidev,aidev-expansion-v044,observed_log_version_per_type_in_one_batch,incomplete_or_gaps,QID,user_identifier,用户或账户标识,controlled,0,False,,{},unavailable_in_historical_log_summary,,,,pending,False,not_established,False,/Users/lzh/Downloads/Log 研究/agentlog_unified/docs/observed_type_inventory_v044.csv,8d9bf1c59ece1c1c883218883da00cefafc301265c04c87a562863805a54fd2d
dataset_commit_changes,aidev,aidev-full-v5,observed_log_version_per_type_in_one_batch,incomplete_or_gaps,AUTH,access_token,访问令牌,controlled,0,False,,{},unavailable_in_historical_log_summary,,,,pending,False,not_established,False,/Users/lzh/Downloads/Log 研究/agentlog_unified/docs/observed_type_inventory_v044.csv,8d9bf1c59ece1c1c883218883da00cefafc301265c04c87a562863805a54fd2d
dataset_commit_changes,aidev,aidev-full-v5,observed_log_version_per_type_in_one_batch,incomplete_or_gaps,AUTH,api_key,服务密钥,controlled,0,False,,{},unavailable_in_historical_log_summary,,,,pending,False,not_established,False,/Users/lzh/Downloads/Log 研究/agentlog_unified/docs/observed_type_inventory_v044.csv,8d9bf1c59ece1c1c883218883da00cefafc301265c04c87a562863805a54fd2d
dataset_commit_changes,aidev,aidev-full-v5,observed_log_version_per_type_in_one_batch,incomplete_or_gaps,AUTH,auth_cookie,认证 Cookie,controlled,0,False,,{},unavailable_in_historical_log_summary,,,,pending,False,not_established,False,/Users/lzh/Downloads/Log 研究/agentlog_unified/docs/observed_type_inventory_v044.csv,8d9bf1c59ece1c1c883218883da00cefafc301265c04c87a562863805a54fd2d
dataset_commit_changes,aidev,aidev-full-v5,observed_log_version_per_type_in_one_batch,incomplete_or_gaps,AUTH,authorization_header,认证头,controlled,0,False,,{},unavailable_in_historical_log_summary,,,,pending,False,not_established,False,/Users/lzh/Downloads/Log 研究/agentlog_unified/docs/observed_type_inventory_v044.csv,8d9bf1c59ece1c1c883218883da00cefafc301265c04c87a562863805a54fd2d
dataset_commit_changes,aidev,aidev-full-v5,observed_log_version_per_type_in_one_batch,incomplete_or_gaps,AUTH,credential_bundle,其他认证秘密或凭证对象,controlled,0,False,,{},unavailable_in_historical_log_summary,,,,pending,False,not_established,False,/Users/lzh/Downloads/Log 研究/agentlog_unified/docs/observed_type_inventory_v044.csv,8d9bf1c59ece1c1c883218883da00cefafc301265c04c87a562863805a54fd2d
dataset_commit_changes,aidev,aidev-full-v5,observed_log_version_per_type_in_one_batch,incomplete_or_gaps,AUTH,password,密码,controlled,10,True,,{},unavailable_in_historical_log_summary,,,,pending,False,not_established,False,/Users/lzh/Downloads/Log 研究/agentlog_unified/docs/observed_type_inventory_v044.csv,8d9bf1c59ece1c1c883218883da00cefafc301265c04c87a562863805a54fd2d
dataset_commit_changes,aidev,aidev-full-v5,observed_log_version_per_type_in_one_batch,incomplete_or_gaps,AUTH,private_key,私钥,controlled,0,False,,{},unavailable_in_historical_log_summary,,,,pending,False,not_established,False,/Users/lzh/Downloads/Log 研究/agentlog_unified/docs/observed_type_inventory_v044.csv,8d9bf1c59ece1c1c883218883da00cefafc301265c04c87a562863805a54fd2d
dataset_commit_changes,aidev,aidev-full-v5,observed_log_version_per_type_in_one_batch,incomplete_or_gaps,BIZ,business_object,业务对象载体,controlled,10,True,,{},unavailable_in_historical_log_summary,,,,pending,False,not_established,False,/Users/lzh/Downloads/Log 研究/agentlog_unified/docs/observed_type_inventory_v044.csv,8d9bf1c59ece1c1c883218883da00cefafc301265c04c87a562863805a54fd2d
dataset_commit_changes,aidev,aidev-full-v5,observed_log_version_per_type_in_one_batch,incomplete_or_gaps,BIZ,document_content,文档及内容载体,controlled,0,False,,{},unavailable_in_historical_log_summary,,,,pending,False,not_established,False,/Users/lzh/Downloads/Log 研究/agentlog_unified/docs/observed_type_inventory_v044.csv,8d9bf1c59ece1c1c883218883da00cefafc301265c04c87a562863805a54fd2d
dataset_commit_changes,aidev,aidev-full-v5,observed_log_version_per_type_in_one_batch,incomplete_or_gaps,BIZ,http_headers,请求响应头载体,controlled,0,False,,{},unavailable_in_historical_log_summary,,,,pending,False,not_established,False,/Users/lzh/Downloads/Log 研究/agentlog_unified/docs/observed_type_inventory_v044.csv,8d9bf1c59ece1c1c883218883da00cefafc301265c04c87a562863805a54fd2d
dataset_commit_changes,aidev,aidev-full-v5,observed_log_version_per_type_in_one_batch,incomplete_or_gaps,BIZ,message_content,业务聊天内容载体,controlled,0,False,,{},unavailable_in_historical_log_summary,,,,pending,False,not_established,False,/Users/lzh/Downloads/Log 研究/agentlog_unified/docs/observed_type_inventory_v044.csv,8d9bf1c59ece1c1c883218883da00cefafc301265c04c87a562863805a54fd2d
dataset_commit_changes,aidev,aidev-full-v5,observed_log_version_per_type_in_one_batch,incomplete_or_gaps,BIZ,request_body,请求体载体,controlled,2,True,,{},unavailable_in_historical_log_summary,,,,pending,False,not_established,False,/Users/lzh/Downloads/Log 研究/agentlog_unified/docs/observed_type_inventory_v044.csv,8d9bf1c59ece1c1c883218883da00cefafc301265c04c87a562863805a54fd2d
dataset_commit_changes,aidev,aidev-full-v5,observed_log_version_per_type_in_one_batch,incomplete_or_gaps,BIZ,response_body,响应体载体,controlled,11,True,,{},unavailable_in_historical_log_summary,,,,pending,False,not_established,False,/Users/lzh/Downloads/Log 研究/agentlog_unified/docs/observed_type_inventory_v044.csv,8d9bf1c59ece1c1c883218883da00cefafc301265c04c87a562863805a54fd2d
dataset_commit_changes,aidev,aidev-full-v5,observed_log_version_per_type_in_one_batch,incomplete_or_gaps,BIZ,unclassified_content,细类待确定,controlled,0,False,,{},unavailable_in_historical_log_summary,,,,pending,False,not_established,False,/Users/lzh/Downloads/Log 研究/agentlog_unified/docs/observed_type_inventory_v044.csv,8d9bf1c59ece1c1c883218883da00cefafc301265c04c87a562863805a54fd2d
dataset_commit_changes,aidev,aidev-full-v5,observed_log_version_per_type_in_one_batch,incomplete_or_gaps,BIZ,unclassified_object,细类待确定,controlled,2,True,,{},unavailable_in_historical_log_summary,,,,pending,False,not_established,False,/Users/lzh/Downloads/Log 研究/agentlog_unified/docs/observed_type_inventory_v044.csv,8d9bf1c59ece1c1c883218883da00cefafc301265c04c87a562863805a54fd2d
dataset_commit_changes,aidev,aidev-full-v5,observed_log_version_per_type_in_one_batch,incomplete_or_gaps,CFG,database_connection,数据库连接,controlled,0,False,,{},unavailable_in_historical_log_summary,,,,pending,False,not_established,False,/Users/lzh/Downloads/Log 研究/agentlog_unified/docs/observed_type_inventory_v044.csv,8d9bf1c59ece1c1c883218883da00cefafc301265c04c87a562863805a54fd2d
dataset_commit_changes,aidev,aidev-full-v5,observed_log_version_per_type_in_one_batch,incomplete_or_gaps,CFG,deployment_configuration,配置及部署载体,controlled,17,True,,{},unavailable_in_historical_log_summary,,,,pending,False,not_established,False,/Users/lzh/Downloads/Log 研究/agentlog_unified/docs/observed_type_inventory_v044.csv,8d9bf1c59ece1c1c883218883da00cefafc301265c04c87a562863805a54fd2d
dataset_commit_changes,aidev,aidev-full-v5,observed_log_version_per_type_in_one_batch,incomplete_or_gaps,CFG,environment,环境变量载体,controlled,0,False,,{},unavailable_in_historical_log_summary,,,,pending,False,not_established,False,/Users/lzh/Downloads/Log 研究/agentlog_unified/docs/observed_type_inventory_v044.csv,8d9bf1c59ece1c1c883218883da00cefafc301265c04c87a562863805a54fd2d
dataset_commit_changes,aidev,aidev-full-v5,observed_log_version_per_type_in_one_batch,incomplete_or_gaps,CFG,filesystem_path,内部文件路径,controlled,17,True,,{},unavailable_in_historical_log_summary,,,,pending,False,not_established,False,/Users/lzh/Downloads/Log 研究/agentlog_unified/docs/observed_type_inventory_v044.csv,8d9bf1c59ece1c1c883218883da00cefafc301265c04c87a562863805a54fd2d
dataset_commit_changes,aidev,aidev-full-v5,observed_log_version_per_type_in_one_batch,incomplete_or_gaps,CFG,internal_endpoint,内部端点,controlled,0,False,,{},unavailable_in_historical_log_summary,,,,pending,False,not_established,False,/Users/lzh/Downloads/Log 研究/agentlog_unified/docs/observed_type_inventory_v044.csv,8d9bf1c59ece1c1c883218883da00cefafc301265c04c87a562863805a54fd2d
dataset_commit_changes,aidev,aidev-full-v5,observed_log_version_per_type_in_one_batch,incomplete_or_gaps,CFG,unclassified_internal_resource,细类待确定,controlled,0,False,,{},unavailable_in_historical_log_summary,,,,pending,False,not_established,False,/Users/lzh/Downloads/Log 研究/agentlog_unified/docs/observed_type_inventory_v044.csv,8d9bf1c59ece1c1c883218883da00cefafc301265c04c87a562863805a54fd2d
dataset_commit_changes,aidev,aidev-full-v5,observed_log_version_per_type_in_one_batch,incomplete_or_gaps,DIAG,exception_message,异常内容载体,controlled,172,True,,{},unavailable_in_historical_log_summary,,,,pending,False,not_established,False,/Users/lzh/Downloads/Log 研究/agentlog_unified/docs/observed_type_inventory_v044.csv,8d9bf1c59ece1c1c883218883da00cefafc301265c04c87a562863805a54fd2d
dataset_commit_changes,aidev,aidev-full-v5,observed_log_version_per_type_in_one_batch,incomplete_or_gaps,DIAG,failure_response,失败响应载体,controlled,0,False,,{},unavailable_in_historical_log_summary,,,,pending,False,not_established,False,/Users/lzh/Downloads/Log 研究/agentlog_unified/docs/observed_type_inventory_v044.csv,8d9bf1c59ece1c1c883218883da00cefafc301265c04c87a562863805a54fd2d
dataset_commit_changes,aidev,aidev-full-v5,observed_log_version_per_type_in_one_batch,incomplete_or_gaps,DIAG,stack_trace,堆栈载体,controlled,0,False,,{},unavailable_in_historical_log_summary,,,,pending,False,not_established,False,/Users/lzh/Downloads/Log 研究/agentlog_unified/docs/observed_type_inventory_v044.csv,8d9bf1c59ece1c1c883218883da00cefafc301265c04c87a562863805a54fd2d
dataset_commit_changes,aidev,aidev-full-v5,observed_log_version_per_type_in_one_batch,incomplete_or_gaps,PII,biometric,生物特征,controlled,0,False,,{},unavailable_in_historical_log_summary,,,,pending,False,not_established,False,/Users/lzh/Downloads/Log 研究/agentlog_unified/docs/observed_type_inventory_v044.csv,8d9bf1c59ece1c1c883218883da00cefafc301265c04c87a562863805a54fd2d
dataset_commit_changes,aidev,aidev-full-v5,observed_log_version_per_type_in_one_batch,incomplete_or_gaps,PII,email,邮箱,controlled,32,True,,{},unavailable_in_historical_log_summary,,,,pending,False,not_established,False,/Users/lzh/Downloads/Log 研究/agentlog_unified/docs/observed_type_inventory_v044.csv,8d9bf1c59ece1c1c883218883da00cefafc301265c04c87a562863805a54fd2d
dataset_commit_changes,aidev,aidev-full-v5,observed_log_version_per_type_in_one_batch,incomplete_or_gaps,PII,financial,个人金融信息,controlled,0,False,,{},unavailable_in_historical_log_summary,,,,pending,False,not_established,False,/Users/lzh/Downloads/Log 研究/agentlog_unified/docs/observed_type_inventory_v044.csv,8d9bf1c59ece1c1c883218883da00cefafc301265c04c87a562863805a54fd2d
dataset_commit_changes,aidev,aidev-full-v5,observed_log_version_per_type_in_one_batch,incomplete_or_gaps,PII,government_identifier,政府证件标识,controlled,0,False,,{},unavailable_in_historical_log_summary,,,,pending,False,not_established,False,/Users/lzh/Downloads/Log 研究/agentlog_unified/docs/observed_type_inventory_v044.csv,8d9bf1c59ece1c1c883218883da00cefafc301265c04c87a562863805a54fd2d
dataset_commit_changes,aidev,aidev-full-v5,observed_log_version_per_type_in_one_batch,incomplete_or_gaps,PII,medical,医疗健康信息,controlled,0,False,,{},unavailable_in_historical_log_summary,,,,pending,False,not_established,False,/Users/lzh/Downloads/Log 研究/agentlog_unified/docs/observed_type_inventory_v044.csv,8d9bf1c59ece1c1c883218883da00cefafc301265c04c87a562863805a54fd2d
dataset_commit_changes,aidev,aidev-full-v5,observed_log_version_per_type_in_one_batch,incomplete_or_gaps,PII,person_name,个人姓名,controlled,1,True,,{},unavailable_in_historical_log_summary,,,,pending,False,not_established,False,/Users/lzh/Downloads/Log 研究/agentlog_unified/docs/observed_type_inventory_v044.csv,8d9bf1c59ece1c1c883218883da00cefafc301265c04c87a562863805a54fd2d
dataset_commit_changes,aidev,aidev-full-v5,observed_log_version_per_type_in_one_batch,incomplete_or_gaps,PII,phone,电话,controlled,0,False,,{},unavailable_in_historical_log_summary,,,,pending,False,not_established,False,/Users/lzh/Downloads/Log 研究/agentlog_unified/docs/observed_type_inventory_v044.csv,8d9bf1c59ece1c1c883218883da00cefafc301265c04c87a562863805a54fd2d
dataset_commit_changes,aidev,aidev-full-v5,observed_log_version_per_type_in_one_batch,incomplete_or_gaps,PII,postal_address,通信地址,controlled,0,False,,{},unavailable_in_historical_log_summary,,,,pending,False,not_established,False,/Users/lzh/Downloads/Log 研究/agentlog_unified/docs/observed_type_inventory_v044.csv,8d9bf1c59ece1c1c883218883da00cefafc301265c04c87a562863805a54fd2d
dataset_commit_changes,aidev,aidev-full-v5,observed_log_version_per_type_in_one_batch,incomplete_or_gaps,PII,precise_location,精确位置候选,controlled,0,False,,{},unavailable_in_historical_log_summary,,,,pending,False,not_established,False,/Users/lzh/Downloads/Log 研究/agentlog_unified/docs/observed_type_inventory_v044.csv,8d9bf1c59ece1c1c883218883da00cefafc301265c04c87a562863805a54fd2d
dataset_commit_changes,aidev,aidev-full-v5,observed_log_version_per_type_in_one_batch,incomplete_or_gaps,PII,unspecified_personal_information,细类待确定,controlled,0,False,,{},unavailable_in_historical_log_summary,,,,pending,False,not_established,False,/Users/lzh/Downloads/Log 研究/agentlog_unified/docs/observed_type_inventory_v044.csv,8d9bf1c59ece1c1c883218883da00cefafc301265c04c87a562863805a54fd2d
dataset_commit_changes,aidev,aidev-full-v5,observed_log_version_per_type_in_one_batch,incomplete_or_gaps,QID,device_identifier,设备标识,controlled,4,True,,{},unavailable_in_historical_log_summary,,,,pending,False,not_established,False,/Users/lzh/Downloads/Log 研究/agentlog_unified/docs/observed_type_inventory_v044.csv,8d9bf1c59ece1c1c883218883da00cefafc301265c04c87a562863805a54fd2d
dataset_commit_changes,aidev,aidev-full-v5,observed_log_version_per_type_in_one_batch,incomplete_or_gaps,QID,network_identifier,网络关联标识,controlled,40,True,,{},unavailable_in_historical_log_summary,,,,pending,False,not_established,False,/Users/lzh/Downloads/Log 研究/agentlog_unified/docs/observed_type_inventory_v044.csv,8d9bf1c59ece1c1c883218883da00cefafc301265c04c87a562863805a54fd2d
dataset_commit_changes,aidev,aidev-full-v5,observed_log_version_per_type_in_one_batch,incomplete_or_gaps,QID,request_identifier,请求关联标识,controlled,0,False,,{},unavailable_in_historical_log_summary,,,,pending,False,not_established,False,/Users/lzh/Downloads/Log 研究/agentlog_unified/docs/observed_type_inventory_v044.csv,8d9bf1c59ece1c1c883218883da00cefafc301265c04c87a562863805a54fd2d
dataset_commit_changes,aidev,aidev-full-v5,observed_log_version_per_type_in_one_batch,incomplete_or_gaps,QID,session_identifier,会话标识,controlled,0,False,,{},unavailable_in_historical_log_summary,,,,pending,False,not_established,False,/Users/lzh/Downloads/Log 研究/agentlog_unified/docs/observed_type_inventory_v044.csv,8d9bf1c59ece1c1c883218883da00cefafc301265c04c87a562863805a54fd2d
dataset_commit_changes,aidev,aidev-full-v5,observed_log_version_per_type_in_one_batch,incomplete_or_gaps,QID,tenant_identifier,租户标识,controlled,0,False,,{},unavailable_in_historical_log_summary,,,,pending,False,not_established,False,/Users/lzh/Downloads/Log 研究/agentlog_unified/docs/observed_type_inventory_v044.csv,8d9bf1c59ece1c1c883218883da00cefafc301265c04c87a562863805a54fd2d
dataset_commit_changes,aidev,aidev-full-v5,observed_log_version_per_type_in_one_batch,incomplete_or_gaps,QID,transaction_identifier,业务关联标识,controlled,0,False,,{},unavailable_in_historical_log_summary,,,,pending,False,not_established,False,/Users/lzh/Downloads/Log 研究/agentlog_unified/docs/observed_type_inventory_v044.csv,8d9bf1c59ece1c1c883218883da00cefafc301265c04c87a562863805a54fd2d
dataset_commit_changes,aidev,aidev-full-v5,observed_log_version_per_type_in_one_batch,incomplete_or_gaps,QID,unspecified_linkable_identifier,细类待确定,controlled,0,False,,{},unavailable_in_historical_log_summary,,,,pending,False,not_established,False,/Users/lzh/Downloads/Log 研究/agentlog_unified/docs/observed_type_inventory_v044.csv,8d9bf1c59ece1c1c883218883da00cefafc301265c04c87a562863805a54fd2d
dataset_commit_changes,aidev,aidev-full-v5,observed_log_version_per_type_in_one_batch,incomplete_or_gaps,QID,user_identifier,用户或账户标识,controlled,0,False,,{},unavailable_in_historical_log_summary,,,,pending,False,not_established,False,/Users/lzh/Downloads/Log 研究/agentlog_unified/docs/observed_type_inventory_v044.csv,8d9bf1c59ece1c1c883218883da00cefafc301265c04c87a562863805a54fd2d
dataset_commit_changes,aidev,aidev-prior-cache-v042,observed_log_version_per_type_in_one_batch,incomplete_or_gaps,AUTH,access_token,访问令牌,controlled,0,False,,{},unavailable_in_historical_log_summary,,,,pending,False,not_established,False,/Users/lzh/Downloads/Log 研究/agentlog_unified/docs/observed_type_inventory_v044.csv,8d9bf1c59ece1c1c883218883da00cefafc301265c04c87a562863805a54fd2d
dataset_commit_changes,aidev,aidev-prior-cache-v042,observed_log_version_per_type_in_one_batch,incomplete_or_gaps,AUTH,api_key,服务密钥,controlled,0,False,,{},unavailable_in_historical_log_summary,,,,pending,False,not_established,False,/Users/lzh/Downloads/Log 研究/agentlog_unified/docs/observed_type_inventory_v044.csv,8d9bf1c59ece1c1c883218883da00cefafc301265c04c87a562863805a54fd2d
dataset_commit_changes,aidev,aidev-prior-cache-v042,observed_log_version_per_type_in_one_batch,incomplete_or_gaps,AUTH,auth_cookie,认证 Cookie,controlled,0,False,,{},unavailable_in_historical_log_summary,,,,pending,False,not_established,False,/Users/lzh/Downloads/Log 研究/agentlog_unified/docs/observed_type_inventory_v044.csv,8d9bf1c59ece1c1c883218883da00cefafc301265c04c87a562863805a54fd2d
dataset_commit_changes,aidev,aidev-prior-cache-v042,observed_log_version_per_type_in_one_batch,incomplete_or_gaps,AUTH,authorization_header,认证头,controlled,0,False,,{},unavailable_in_historical_log_summary,,,,pending,False,not_established,False,/Users/lzh/Downloads/Log 研究/agentlog_unified/docs/observed_type_inventory_v044.csv,8d9bf1c59ece1c1c883218883da00cefafc301265c04c87a562863805a54fd2d
dataset_commit_changes,aidev,aidev-prior-cache-v042,observed_log_version_per_type_in_one_batch,incomplete_or_gaps,AUTH,credential_bundle,其他认证秘密或凭证对象,controlled,0,False,,{},unavailable_in_historical_log_summary,,,,pending,False,not_established,False,/Users/lzh/Downloads/Log 研究/agentlog_unified/docs/observed_type_inventory_v044.csv,8d9bf1c59ece1c1c883218883da00cefafc301265c04c87a562863805a54fd2d
dataset_commit_changes,aidev,aidev-prior-cache-v042,observed_log_version_per_type_in_one_batch,incomplete_or_gaps,AUTH,password,密码,controlled,0,False,,{},unavailable_in_historical_log_summary,,,,pending,False,not_established,False,/Users/lzh/Downloads/Log 研究/agentlog_unified/docs/observed_type_inventory_v044.csv,8d9bf1c59ece1c1c883218883da00cefafc301265c04c87a562863805a54fd2d
dataset_commit_changes,aidev,aidev-prior-cache-v042,observed_log_version_per_type_in_one_batch,incomplete_or_gaps,AUTH,private_key,私钥,controlled,0,False,,{},unavailable_in_historical_log_summary,,,,pending,False,not_established,False,/Users/lzh/Downloads/Log 研究/agentlog_unified/docs/observed_type_inventory_v044.csv,8d9bf1c59ece1c1c883218883da00cefafc301265c04c87a562863805a54fd2d
dataset_commit_changes,aidev,aidev-prior-cache-v042,observed_log_version_per_type_in_one_batch,incomplete_or_gaps,BIZ,business_object,业务对象载体,controlled,0,False,,{},unavailable_in_historical_log_summary,,,,pending,False,not_established,False,/Users/lzh/Downloads/Log 研究/agentlog_unified/docs/observed_type_inventory_v044.csv,8d9bf1c59ece1c1c883218883da00cefafc301265c04c87a562863805a54fd2d
dataset_commit_changes,aidev,aidev-prior-cache-v042,observed_log_version_per_type_in_one_batch,incomplete_or_gaps,BIZ,document_content,文档及内容载体,controlled,0,False,,{},unavailable_in_historical_log_summary,,,,pending,False,not_established,False,/Users/lzh/Downloads/Log 研究/agentlog_unified/docs/observed_type_inventory_v044.csv,8d9bf1c59ece1c1c883218883da00cefafc301265c04c87a562863805a54fd2d
dataset_commit_changes,aidev,aidev-prior-cache-v042,observed_log_version_per_type_in_one_batch,incomplete_or_gaps,BIZ,http_headers,请求响应头载体,controlled,0,False,,{},unavailable_in_historical_log_summary,,,,pending,False,not_established,False,/Users/lzh/Downloads/Log 研究/agentlog_unified/docs/observed_type_inventory_v044.csv,8d9bf1c59ece1c1c883218883da00cefafc301265c04c87a562863805a54fd2d
dataset_commit_changes,aidev,aidev-prior-cache-v042,observed_log_version_per_type_in_one_batch,incomplete_or_gaps,BIZ,message_content,业务聊天内容载体,controlled,0,False,,{},unavailable_in_historical_log_summary,,,,pending,False,not_established,False,/Users/lzh/Downloads/Log 研究/agentlog_unified/docs/observed_type_inventory_v044.csv,8d9bf1c59ece1c1c883218883da00cefafc301265c04c87a562863805a54fd2d
dataset_commit_changes,aidev,aidev-prior-cache-v042,observed_log_version_per_type_in_one_batch,incomplete_or_gaps,BIZ,request_body,请求体载体,controlled,0,False,,{},unavailable_in_historical_log_summary,,,,pending,False,not_established,False,/Users/lzh/Downloads/Log 研究/agentlog_unified/docs/observed_type_inventory_v044.csv,8d9bf1c59ece1c1c883218883da00cefafc301265c04c87a562863805a54fd2d
dataset_commit_changes,aidev,aidev-prior-cache-v042,observed_log_version_per_type_in_one_batch,incomplete_or_gaps,BIZ,response_body,响应体载体,controlled,0,False,,{},unavailable_in_historical_log_summary,,,,pending,False,not_established,False,/Users/lzh/Downloads/Log 研究/agentlog_unified/docs/observed_type_inventory_v044.csv,8d9bf1c59ece1c1c883218883da00cefafc301265c04c87a562863805a54fd2d
dataset_commit_changes,aidev,aidev-prior-cache-v042,observed_log_version_per_type_in_one_batch,incomplete_or_gaps,BIZ,unclassified_content,细类待确定,controlled,0,False,,{},unavailable_in_historical_log_summary,,,,pending,False,not_established,False,/Users/lzh/Downloads/Log 研究/agentlog_unified/docs/observed_type_inventory_v044.csv,8d9bf1c59ece1c1c883218883da00cefafc301265c04c87a562863805a54fd2d
dataset_commit_changes,aidev,aidev-prior-cache-v042,observed_log_version_per_type_in_one_batch,incomplete_or_gaps,BIZ,unclassified_object,细类待确定,controlled,0,False,,{},unavailable_in_historical_log_summary,,,,pending,False,not_established,False,/Users/lzh/Downloads/Log 研究/agentlog_unified/docs/observed_type_inventory_v044.csv,8d9bf1c59ece1c1c883218883da00cefafc301265c04c87a562863805a54fd2d
dataset_commit_changes,aidev,aidev-prior-cache-v042,observed_log_version_per_type_in_one_batch,incomplete_or_gaps,CFG,database_connection,数据库连接,controlled,0,False,,{},unavailable_in_historical_log_summary,,,,pending,False,not_established,False,/Users/lzh/Downloads/Log 研究/agentlog_unified/docs/observed_type_inventory_v044.csv,8d9bf1c59ece1c1c883218883da00cefafc301265c04c87a562863805a54fd2d
dataset_commit_changes,aidev,aidev-prior-cache-v042,observed_log_version_per_type_in_one_batch,incomplete_or_gaps,CFG,deployment_configuration,配置及部署载体,controlled,0,False,,{},unavailable_in_historical_log_summary,,,,pending,False,not_established,False,/Users/lzh/Downloads/Log 研究/agentlog_unified/docs/observed_type_inventory_v044.csv,8d9bf1c59ece1c1c883218883da00cefafc301265c04c87a562863805a54fd2d
dataset_commit_changes,aidev,aidev-prior-cache-v042,observed_log_version_per_type_in_one_batch,incomplete_or_gaps,CFG,environment,环境变量载体,controlled,0,False,,{},unavailable_in_historical_log_summary,,,,pending,False,not_established,False,/Users/lzh/Downloads/Log 研究/agentlog_unified/docs/observed_type_inventory_v044.csv,8d9bf1c59ece1c1c883218883da00cefafc301265c04c87a562863805a54fd2d
dataset_commit_changes,aidev,aidev-prior-cache-v042,observed_log_version_per_type_in_one_batch,incomplete_or_gaps,CFG,filesystem_path,内部文件路径,controlled,0,False,,{},unavailable_in_historical_log_summary,,,,pending,False,not_established,False,/Users/lzh/Downloads/Log 研究/agentlog_unified/docs/observed_type_inventory_v044.csv,8d9bf1c59ece1c1c883218883da00cefafc301265c04c87a562863805a54fd2d
dataset_commit_changes,aidev,aidev-prior-cache-v042,observed_log_version_per_type_in_one_batch,incomplete_or_gaps,CFG,internal_endpoint,内部端点,controlled,0,False,,{},unavailable_in_historical_log_summary,,,,pending,False,not_established,False,/Users/lzh/Downloads/Log 研究/agentlog_unified/docs/observed_type_inventory_v044.csv,8d9bf1c59ece1c1c883218883da00cefafc301265c04c87a562863805a54fd2d
dataset_commit_changes,aidev,aidev-prior-cache-v042,observed_log_version_per_type_in_one_batch,incomplete_or_gaps,CFG,unclassified_internal_resource,细类待确定,controlled,0,False,,{},unavailable_in_historical_log_summary,,,,pending,False,not_established,False,/Users/lzh/Downloads/Log 研究/agentlog_unified/docs/observed_type_inventory_v044.csv,8d9bf1c59ece1c1c883218883da00cefafc301265c04c87a562863805a54fd2d
dataset_commit_changes,aidev,aidev-prior-cache-v042,observed_log_version_per_type_in_one_batch,incomplete_or_gaps,DIAG,exception_message,异常内容载体,controlled,0,False,,{},unavailable_in_historical_log_summary,,,,pending,False,not_established,False,/Users/lzh/Downloads/Log 研究/agentlog_unified/docs/observed_type_inventory_v044.csv,8d9bf1c59ece1c1c883218883da00cefafc301265c04c87a562863805a54fd2d
dataset_commit_changes,aidev,aidev-prior-cache-v042,observed_log_version_per_type_in_one_batch,incomplete_or_gaps,DIAG,failure_response,失败响应载体,controlled,0,False,,{},unavailable_in_historical_log_summary,,,,pending,False,not_established,False,/Users/lzh/Downloads/Log 研究/agentlog_unified/docs/observed_type_inventory_v044.csv,8d9bf1c59ece1c1c883218883da00cefafc301265c04c87a562863805a54fd2d
dataset_commit_changes,aidev,aidev-prior-cache-v042,observed_log_version_per_type_in_one_batch,incomplete_or_gaps,DIAG,stack_trace,堆栈载体,controlled,0,False,,{},unavailable_in_historical_log_summary,,,,pending,False,not_established,False,/Users/lzh/Downloads/Log 研究/agentlog_unified/docs/observed_type_inventory_v044.csv,8d9bf1c59ece1c1c883218883da00cefafc301265c04c87a562863805a54fd2d
dataset_commit_changes,aidev,aidev-prior-cache-v042,observed_log_version_per_type_in_one_batch,incomplete_or_gaps,PII,biometric,生物特征,controlled,0,False,,{},unavailable_in_historical_log_summary,,,,pending,False,not_established,False,/Users/lzh/Downloads/Log 研究/agentlog_unified/docs/observed_type_inventory_v044.csv,8d9bf1c59ece1c1c883218883da00cefafc301265c04c87a562863805a54fd2d
dataset_commit_changes,aidev,aidev-prior-cache-v042,observed_log_version_per_type_in_one_batch,incomplete_or_gaps,PII,email,邮箱,controlled,0,False,,{},unavailable_in_historical_log_summary,,,,pending,False,not_established,False,/Users/lzh/Downloads/Log 研究/agentlog_unified/docs/observed_type_inventory_v044.csv,8d9bf1c59ece1c1c883218883da00cefafc301265c04c87a562863805a54fd2d
dataset_commit_changes,aidev,aidev-prior-cache-v042,observed_log_version_per_type_in_one_batch,incomplete_or_gaps,PII,financial,个人金融信息,controlled,0,False,,{},unavailable_in_historical_log_summary,,,,pending,False,not_established,False,/Users/lzh/Downloads/Log 研究/agentlog_unified/docs/observed_type_inventory_v044.csv,8d9bf1c59ece1c1c883218883da00cefafc301265c04c87a562863805a54fd2d
dataset_commit_changes,aidev,aidev-prior-cache-v042,observed_log_version_per_type_in_one_batch,incomplete_or_gaps,PII,government_identifier,政府证件标识,controlled,0,False,,{},unavailable_in_historical_log_summary,,,,pending,False,not_established,False,/Users/lzh/Downloads/Log 研究/agentlog_unified/docs/observed_type_inventory_v044.csv,8d9bf1c59ece1c1c883218883da00cefafc301265c04c87a562863805a54fd2d
dataset_commit_changes,aidev,aidev-prior-cache-v042,observed_log_version_per_type_in_one_batch,incomplete_or_gaps,PII,medical,医疗健康信息,controlled,0,False,,{},unavailable_in_historical_log_summary,,,,pending,False,not_established,False,/Users/lzh/Downloads/Log 研究/agentlog_unified/docs/observed_type_inventory_v044.csv,8d9bf1c59ece1c1c883218883da00cefafc301265c04c87a562863805a54fd2d
dataset_commit_changes,aidev,aidev-prior-cache-v042,observed_log_version_per_type_in_one_batch,incomplete_or_gaps,PII,person_name,个人姓名,controlled,0,False,,{},unavailable_in_historical_log_summary,,,,pending,False,not_established,False,/Users/lzh/Downloads/Log 研究/agentlog_unified/docs/observed_type_inventory_v044.csv,8d9bf1c59ece1c1c883218883da00cefafc301265c04c87a562863805a54fd2d
dataset_commit_changes,aidev,aidev-prior-cache-v042,observed_log_version_per_type_in_one_batch,incomplete_or_gaps,PII,phone,电话,controlled,0,False,,{},unavailable_in_historical_log_summary,,,,pending,False,not_established,False,/Users/lzh/Downloads/Log 研究/agentlog_unified/docs/observed_type_inventory_v044.csv,8d9bf1c59ece1c1c883218883da00cefafc301265c04c87a562863805a54fd2d
dataset_commit_changes,aidev,aidev-prior-cache-v042,observed_log_version_per_type_in_one_batch,incomplete_or_gaps,PII,postal_address,通信地址,controlled,0,False,,{},unavailable_in_historical_log_summary,,,,pending,False,not_established,False,/Users/lzh/Downloads/Log 研究/agentlog_unified/docs/observed_type_inventory_v044.csv,8d9bf1c59ece1c1c883218883da00cefafc301265c04c87a562863805a54fd2d
dataset_commit_changes,aidev,aidev-prior-cache-v042,observed_log_version_per_type_in_one_batch,incomplete_or_gaps,PII,precise_location,精确位置候选,controlled,0,False,,{},unavailable_in_historical_log_summary,,,,pending,False,not_established,False,/Users/lzh/Downloads/Log 研究/agentlog_unified/docs/observed_type_inventory_v044.csv,8d9bf1c59ece1c1c883218883da00cefafc301265c04c87a562863805a54fd2d
dataset_commit_changes,aidev,aidev-prior-cache-v042,observed_log_version_per_type_in_one_batch,incomplete_or_gaps,PII,unspecified_personal_information,细类待确定,controlled,0,False,,{},unavailable_in_historical_log_summary,,,,pending,False,not_established,False,/Users/lzh/Downloads/Log 研究/agentlog_unified/docs/observed_type_inventory_v044.csv,8d9bf1c59ece1c1c883218883da00cefafc301265c04c87a562863805a54fd2d
dataset_commit_changes,aidev,aidev-prior-cache-v042,observed_log_version_per_type_in_one_batch,incomplete_or_gaps,QID,device_identifier,设备标识,controlled,0,False,,{},unavailable_in_historical_log_summary,,,,pending,False,not_established,False,/Users/lzh/Downloads/Log 研究/agentlog_unified/docs/observed_type_inventory_v044.csv,8d9bf1c59ece1c1c883218883da00cefafc301265c04c87a562863805a54fd2d
dataset_commit_changes,aidev,aidev-prior-cache-v042,observed_log_version_per_type_in_one_batch,incomplete_or_gaps,QID,network_identifier,网络关联标识,controlled,0,False,,{},unavailable_in_historical_log_summary,,,,pending,False,not_established,False,/Users/lzh/Downloads/Log 研究/agentlog_unified/docs/observed_type_inventory_v044.csv,8d9bf1c59ece1c1c883218883da00cefafc301265c04c87a562863805a54fd2d
dataset_commit_changes,aidev,aidev-prior-cache-v042,observed_log_version_per_type_in_one_batch,incomplete_or_gaps,QID,request_identifier,请求关联标识,controlled,0,False,,{},unavailable_in_historical_log_summary,,,,pending,False,not_established,False,/Users/lzh/Downloads/Log 研究/agentlog_unified/docs/observed_type_inventory_v044.csv,8d9bf1c59ece1c1c883218883da00cefafc301265c04c87a562863805a54fd2d
dataset_commit_changes,aidev,aidev-prior-cache-v042,observed_log_version_per_type_in_one_batch,incomplete_or_gaps,QID,session_identifier,会话标识,controlled,0,False,,{},unavailable_in_historical_log_summary,,,,pending,False,not_established,False,/Users/lzh/Downloads/Log 研究/agentlog_unified/docs/observed_type_inventory_v044.csv,8d9bf1c59ece1c1c883218883da00cefafc301265c04c87a562863805a54fd2d
dataset_commit_changes,aidev,aidev-prior-cache-v042,observed_log_version_per_type_in_one_batch,incomplete_or_gaps,QID,tenant_identifier,租户标识,controlled,0,False,,{},unavailable_in_historical_log_summary,,,,pending,False,not_established,False,/Users/lzh/Downloads/Log 研究/agentlog_unified/docs/observed_type_inventory_v044.csv,8d9bf1c59ece1c1c883218883da00cefafc301265c04c87a562863805a54fd2d
dataset_commit_changes,aidev,aidev-prior-cache-v042,observed_log_version_per_type_in_one_batch,incomplete_or_gaps,QID,transaction_identifier,业务关联标识,controlled,0,False,,{},unavailable_in_historical_log_summary,,,,pending,False,not_established,False,/Users/lzh/Downloads/Log 研究/agentlog_unified/docs/observed_type_inventory_v044.csv,8d9bf1c59ece1c1c883218883da00cefafc301265c04c87a562863805a54fd2d
dataset_commit_changes,aidev,aidev-prior-cache-v042,observed_log_version_per_type_in_one_batch,incomplete_or_gaps,QID,unspecified_linkable_identifier,细类待确定,controlled,0,False,,{},unavailable_in_historical_log_summary,,,,pending,False,not_established,False,/Users/lzh/Downloads/Log 研究/agentlog_unified/docs/observed_type_inventory_v044.csv,8d9bf1c59ece1c1c883218883da00cefafc301265c04c87a562863805a54fd2d
dataset_commit_changes,aidev,aidev-prior-cache-v042,observed_log_version_per_type_in_one_batch,incomplete_or_gaps,QID,user_identifier,用户或账户标识,controlled,0,False,,{},unavailable_in_historical_log_summary,,,,pending,False,not_established,False,/Users/lzh/Downloads/Log 研究/agentlog_unified/docs/observed_type_inventory_v044.csv,8d9bf1c59ece1c1c883218883da00cefafc301265c04c87a562863805a54fd2d
dataset_schema_context,aidev,aidev-v047,candidate_source_cell,complete_with_schema_gaps,AUTH,access_token,访问令牌,controlled,0,False,,{},candidate_source_cell,,,,pending,False,not_established,False,/Users/lzh/Downloads/Log 研究/agentlog_unified/schema-runs/aidev-v047/schema_type_summary.json,e0a9f9ff57142073caaaa26f7b5c248c7d7dbfd1300de8e39b75b182aa3edb37
dataset_schema_context,aidev,aidev-v047,candidate_source_cell,complete_with_schema_gaps,AUTH,api_key,服务密钥,controlled,0,False,,{},candidate_source_cell,,,,pending,False,not_established,False,/Users/lzh/Downloads/Log 研究/agentlog_unified/schema-runs/aidev-v047/schema_type_summary.json,e0a9f9ff57142073caaaa26f7b5c248c7d7dbfd1300de8e39b75b182aa3edb37
dataset_schema_context,aidev,aidev-v047,candidate_source_cell,complete_with_schema_gaps,AUTH,auth_cookie,认证 Cookie,controlled,0,False,,{},candidate_source_cell,,,,pending,False,not_established,False,/Users/lzh/Downloads/Log 研究/agentlog_unified/schema-runs/aidev-v047/schema_type_summary.json,e0a9f9ff57142073caaaa26f7b5c248c7d7dbfd1300de8e39b75b182aa3edb37
dataset_schema_context,aidev,aidev-v047,candidate_source_cell,complete_with_schema_gaps,AUTH,authorization_header,认证头,controlled,0,False,,{},candidate_source_cell,,,,pending,False,not_established,False,/Users/lzh/Downloads/Log 研究/agentlog_unified/schema-runs/aidev-v047/schema_type_summary.json,e0a9f9ff57142073caaaa26f7b5c248c7d7dbfd1300de8e39b75b182aa3edb37
dataset_schema_context,aidev,aidev-v047,candidate_source_cell,complete_with_schema_gaps,AUTH,credential_bundle,其他认证秘密或凭证对象,controlled,0,False,,{},candidate_source_cell,,,,pending,False,not_established,False,/Users/lzh/Downloads/Log 研究/agentlog_unified/schema-runs/aidev-v047/schema_type_summary.json,e0a9f9ff57142073caaaa26f7b5c248c7d7dbfd1300de8e39b75b182aa3edb37
dataset_schema_context,aidev,aidev-v047,candidate_source_cell,complete_with_schema_gaps,AUTH,password,密码,controlled,0,False,,{},candidate_source_cell,,,,pending,False,not_established,False,/Users/lzh/Downloads/Log 研究/agentlog_unified/schema-runs/aidev-v047/schema_type_summary.json,e0a9f9ff57142073caaaa26f7b5c248c7d7dbfd1300de8e39b75b182aa3edb37
dataset_schema_context,aidev,aidev-v047,candidate_source_cell,complete_with_schema_gaps,AUTH,private_key,私钥,controlled,0,False,,{},candidate_source_cell,,,,pending,False,not_established,False,/Users/lzh/Downloads/Log 研究/agentlog_unified/schema-runs/aidev-v047/schema_type_summary.json,e0a9f9ff57142073caaaa26f7b5c248c7d7dbfd1300de8e39b75b182aa3edb37
dataset_schema_context,aidev,aidev-v047,candidate_source_cell,complete_with_schema_gaps,BIZ,business_object,业务对象载体,controlled,0,False,,{},candidate_source_cell,,,,pending,False,not_established,False,/Users/lzh/Downloads/Log 研究/agentlog_unified/schema-runs/aidev-v047/schema_type_summary.json,e0a9f9ff57142073caaaa26f7b5c248c7d7dbfd1300de8e39b75b182aa3edb37
dataset_schema_context,aidev,aidev-v047,candidate_source_cell,complete_with_schema_gaps,BIZ,document_content,文档及内容载体,controlled,0,False,,{},candidate_source_cell,,,,pending,False,not_established,False,/Users/lzh/Downloads/Log 研究/agentlog_unified/schema-runs/aidev-v047/schema_type_summary.json,e0a9f9ff57142073caaaa26f7b5c248c7d7dbfd1300de8e39b75b182aa3edb37
dataset_schema_context,aidev,aidev-v047,candidate_source_cell,complete_with_schema_gaps,BIZ,http_headers,请求响应头载体,controlled,0,False,,{},candidate_source_cell,,,,pending,False,not_established,False,/Users/lzh/Downloads/Log 研究/agentlog_unified/schema-runs/aidev-v047/schema_type_summary.json,e0a9f9ff57142073caaaa26f7b5c248c7d7dbfd1300de8e39b75b182aa3edb37
dataset_schema_context,aidev,aidev-v047,candidate_source_cell,complete_with_schema_gaps,BIZ,message_content,业务聊天内容载体,controlled,0,False,,{},candidate_source_cell,,,,pending,False,not_established,False,/Users/lzh/Downloads/Log 研究/agentlog_unified/schema-runs/aidev-v047/schema_type_summary.json,e0a9f9ff57142073caaaa26f7b5c248c7d7dbfd1300de8e39b75b182aa3edb37
dataset_schema_context,aidev,aidev-v047,candidate_source_cell,complete_with_schema_gaps,BIZ,request_body,请求体载体,controlled,0,False,,{},candidate_source_cell,,,,pending,False,not_established,False,/Users/lzh/Downloads/Log 研究/agentlog_unified/schema-runs/aidev-v047/schema_type_summary.json,e0a9f9ff57142073caaaa26f7b5c248c7d7dbfd1300de8e39b75b182aa3edb37
dataset_schema_context,aidev,aidev-v047,candidate_source_cell,complete_with_schema_gaps,BIZ,response_body,响应体载体,controlled,0,False,,{},candidate_source_cell,,,,pending,False,not_established,False,/Users/lzh/Downloads/Log 研究/agentlog_unified/schema-runs/aidev-v047/schema_type_summary.json,e0a9f9ff57142073caaaa26f7b5c248c7d7dbfd1300de8e39b75b182aa3edb37
dataset_schema_context,aidev,aidev-v047,candidate_source_cell,complete_with_schema_gaps,BIZ,unclassified_content,细类待确定,controlled,0,False,,{},candidate_source_cell,,,,pending,False,not_established,False,/Users/lzh/Downloads/Log 研究/agentlog_unified/schema-runs/aidev-v047/schema_type_summary.json,e0a9f9ff57142073caaaa26f7b5c248c7d7dbfd1300de8e39b75b182aa3edb37
dataset_schema_context,aidev,aidev-v047,candidate_source_cell,complete_with_schema_gaps,BIZ,unclassified_object,细类待确定,controlled,0,False,,{},candidate_source_cell,,,,pending,False,not_established,False,/Users/lzh/Downloads/Log 研究/agentlog_unified/schema-runs/aidev-v047/schema_type_summary.json,e0a9f9ff57142073caaaa26f7b5c248c7d7dbfd1300de8e39b75b182aa3edb37
dataset_schema_context,aidev,aidev-v047,candidate_source_cell,complete_with_schema_gaps,CFG,database_connection,数据库连接,controlled,0,False,,{},candidate_source_cell,,,,pending,False,not_established,False,/Users/lzh/Downloads/Log 研究/agentlog_unified/schema-runs/aidev-v047/schema_type_summary.json,e0a9f9ff57142073caaaa26f7b5c248c7d7dbfd1300de8e39b75b182aa3edb37
dataset_schema_context,aidev,aidev-v047,candidate_source_cell,complete_with_schema_gaps,CFG,deployment_configuration,配置及部署载体,controlled,0,False,,{},candidate_source_cell,,,,pending,False,not_established,False,/Users/lzh/Downloads/Log 研究/agentlog_unified/schema-runs/aidev-v047/schema_type_summary.json,e0a9f9ff57142073caaaa26f7b5c248c7d7dbfd1300de8e39b75b182aa3edb37
dataset_schema_context,aidev,aidev-v047,candidate_source_cell,complete_with_schema_gaps,CFG,environment,环境变量载体,controlled,0,False,,{},candidate_source_cell,,,,pending,False,not_established,False,/Users/lzh/Downloads/Log 研究/agentlog_unified/schema-runs/aidev-v047/schema_type_summary.json,e0a9f9ff57142073caaaa26f7b5c248c7d7dbfd1300de8e39b75b182aa3edb37
dataset_schema_context,aidev,aidev-v047,candidate_source_cell,complete_with_schema_gaps,CFG,filesystem_path,内部文件路径,controlled,0,False,,{},candidate_source_cell,,,,pending,False,not_established,False,/Users/lzh/Downloads/Log 研究/agentlog_unified/schema-runs/aidev-v047/schema_type_summary.json,e0a9f9ff57142073caaaa26f7b5c248c7d7dbfd1300de8e39b75b182aa3edb37
dataset_schema_context,aidev,aidev-v047,candidate_source_cell,complete_with_schema_gaps,CFG,internal_endpoint,内部端点,controlled,0,False,,{},candidate_source_cell,,,,pending,False,not_established,False,/Users/lzh/Downloads/Log 研究/agentlog_unified/schema-runs/aidev-v047/schema_type_summary.json,e0a9f9ff57142073caaaa26f7b5c248c7d7dbfd1300de8e39b75b182aa3edb37
dataset_schema_context,aidev,aidev-v047,candidate_source_cell,complete_with_schema_gaps,CFG,unclassified_internal_resource,细类待确定,controlled,0,False,,{},candidate_source_cell,,,,pending,False,not_established,False,/Users/lzh/Downloads/Log 研究/agentlog_unified/schema-runs/aidev-v047/schema_type_summary.json,e0a9f9ff57142073caaaa26f7b5c248c7d7dbfd1300de8e39b75b182aa3edb37
dataset_schema_context,aidev,aidev-v047,candidate_source_cell,complete_with_schema_gaps,DIAG,exception_message,异常内容载体,controlled,0,False,,{},candidate_source_cell,,,,pending,False,not_established,False,/Users/lzh/Downloads/Log 研究/agentlog_unified/schema-runs/aidev-v047/schema_type_summary.json,e0a9f9ff57142073caaaa26f7b5c248c7d7dbfd1300de8e39b75b182aa3edb37
dataset_schema_context,aidev,aidev-v047,candidate_source_cell,complete_with_schema_gaps,DIAG,failure_response,失败响应载体,controlled,0,False,,{},candidate_source_cell,,,,pending,False,not_established,False,/Users/lzh/Downloads/Log 研究/agentlog_unified/schema-runs/aidev-v047/schema_type_summary.json,e0a9f9ff57142073caaaa26f7b5c248c7d7dbfd1300de8e39b75b182aa3edb37
dataset_schema_context,aidev,aidev-v047,candidate_source_cell,complete_with_schema_gaps,DIAG,stack_trace,堆栈载体,controlled,0,False,,{},candidate_source_cell,,,,pending,False,not_established,False,/Users/lzh/Downloads/Log 研究/agentlog_unified/schema-runs/aidev-v047/schema_type_summary.json,e0a9f9ff57142073caaaa26f7b5c248c7d7dbfd1300de8e39b75b182aa3edb37
dataset_schema_context,aidev,aidev-v047,candidate_source_cell,complete_with_schema_gaps,PII,biometric,生物特征,controlled,0,False,,{},candidate_source_cell,,,,pending,False,not_established,False,/Users/lzh/Downloads/Log 研究/agentlog_unified/schema-runs/aidev-v047/schema_type_summary.json,e0a9f9ff57142073caaaa26f7b5c248c7d7dbfd1300de8e39b75b182aa3edb37
dataset_schema_context,aidev,aidev-v047,candidate_source_cell,complete_with_schema_gaps,PII,email,邮箱,controlled,0,False,,{},candidate_source_cell,,,,pending,False,not_established,False,/Users/lzh/Downloads/Log 研究/agentlog_unified/schema-runs/aidev-v047/schema_type_summary.json,e0a9f9ff57142073caaaa26f7b5c248c7d7dbfd1300de8e39b75b182aa3edb37
dataset_schema_context,aidev,aidev-v047,candidate_source_cell,complete_with_schema_gaps,PII,financial,个人金融信息,controlled,0,False,,{},candidate_source_cell,,,,pending,False,not_established,False,/Users/lzh/Downloads/Log 研究/agentlog_unified/schema-runs/aidev-v047/schema_type_summary.json,e0a9f9ff57142073caaaa26f7b5c248c7d7dbfd1300de8e39b75b182aa3edb37
dataset_schema_context,aidev,aidev-v047,candidate_source_cell,complete_with_schema_gaps,PII,government_identifier,政府证件标识,controlled,0,False,,{},candidate_source_cell,,,,pending,False,not_established,False,/Users/lzh/Downloads/Log 研究/agentlog_unified/schema-runs/aidev-v047/schema_type_summary.json,e0a9f9ff57142073caaaa26f7b5c248c7d7dbfd1300de8e39b75b182aa3edb37
dataset_schema_context,aidev,aidev-v047,candidate_source_cell,complete_with_schema_gaps,PII,medical,医疗健康信息,controlled,0,False,,{},candidate_source_cell,,,,pending,False,not_established,False,/Users/lzh/Downloads/Log 研究/agentlog_unified/schema-runs/aidev-v047/schema_type_summary.json,e0a9f9ff57142073caaaa26f7b5c248c7d7dbfd1300de8e39b75b182aa3edb37
dataset_schema_context,aidev,aidev-v047,candidate_source_cell,complete_with_schema_gaps,PII,person_name,个人姓名,controlled,0,False,,{},candidate_source_cell,,,,pending,False,not_established,False,/Users/lzh/Downloads/Log 研究/agentlog_unified/schema-runs/aidev-v047/schema_type_summary.json,e0a9f9ff57142073caaaa26f7b5c248c7d7dbfd1300de8e39b75b182aa3edb37
dataset_schema_context,aidev,aidev-v047,candidate_source_cell,complete_with_schema_gaps,PII,phone,电话,controlled,0,False,,{},candidate_source_cell,,,,pending,False,not_established,False,/Users/lzh/Downloads/Log 研究/agentlog_unified/schema-runs/aidev-v047/schema_type_summary.json,e0a9f9ff57142073caaaa26f7b5c248c7d7dbfd1300de8e39b75b182aa3edb37
dataset_schema_context,aidev,aidev-v047,candidate_source_cell,complete_with_schema_gaps,PII,postal_address,通信地址,controlled,0,False,,{},candidate_source_cell,,,,pending,False,not_established,False,/Users/lzh/Downloads/Log 研究/agentlog_unified/schema-runs/aidev-v047/schema_type_summary.json,e0a9f9ff57142073caaaa26f7b5c248c7d7dbfd1300de8e39b75b182aa3edb37
dataset_schema_context,aidev,aidev-v047,candidate_source_cell,complete_with_schema_gaps,PII,precise_location,精确位置候选,controlled,0,False,,{},candidate_source_cell,,,,pending,False,not_established,False,/Users/lzh/Downloads/Log 研究/agentlog_unified/schema-runs/aidev-v047/schema_type_summary.json,e0a9f9ff57142073caaaa26f7b5c248c7d7dbfd1300de8e39b75b182aa3edb37
dataset_schema_context,aidev,aidev-v047,candidate_source_cell,complete_with_schema_gaps,PII,unspecified_personal_information,细类待确定,controlled,0,False,,{},candidate_source_cell,,,,pending,False,not_established,False,/Users/lzh/Downloads/Log 研究/agentlog_unified/schema-runs/aidev-v047/schema_type_summary.json,e0a9f9ff57142073caaaa26f7b5c248c7d7dbfd1300de8e39b75b182aa3edb37
dataset_schema_context,aidev,aidev-v047,candidate_source_cell,complete_with_schema_gaps,QID,device_identifier,设备标识,controlled,0,False,,{},candidate_source_cell,,,,pending,False,not_established,False,/Users/lzh/Downloads/Log 研究/agentlog_unified/schema-runs/aidev-v047/schema_type_summary.json,e0a9f9ff57142073caaaa26f7b5c248c7d7dbfd1300de8e39b75b182aa3edb37
dataset_schema_context,aidev,aidev-v047,candidate_source_cell,complete_with_schema_gaps,QID,network_identifier,网络关联标识,controlled,0,False,,{},candidate_source_cell,,,,pending,False,not_established,False,/Users/lzh/Downloads/Log 研究/agentlog_unified/schema-runs/aidev-v047/schema_type_summary.json,e0a9f9ff57142073caaaa26f7b5c248c7d7dbfd1300de8e39b75b182aa3edb37
dataset_schema_context,aidev,aidev-v047,candidate_source_cell,complete_with_schema_gaps,QID,request_identifier,请求关联标识,controlled,0,False,,{},candidate_source_cell,,,,pending,False,not_established,False,/Users/lzh/Downloads/Log 研究/agentlog_unified/schema-runs/aidev-v047/schema_type_summary.json,e0a9f9ff57142073caaaa26f7b5c248c7d7dbfd1300de8e39b75b182aa3edb37
dataset_schema_context,aidev,aidev-v047,candidate_source_cell,complete_with_schema_gaps,QID,session_identifier,会话标识,controlled,0,False,,{},candidate_source_cell,,,,pending,False,not_established,False,/Users/lzh/Downloads/Log 研究/agentlog_unified/schema-runs/aidev-v047/schema_type_summary.json,e0a9f9ff57142073caaaa26f7b5c248c7d7dbfd1300de8e39b75b182aa3edb37
dataset_schema_context,aidev,aidev-v047,candidate_source_cell,complete_with_schema_gaps,QID,tenant_identifier,租户标识,controlled,0,False,,{},candidate_source_cell,,,,pending,False,not_established,False,/Users/lzh/Downloads/Log 研究/agentlog_unified/schema-runs/aidev-v047/schema_type_summary.json,e0a9f9ff57142073caaaa26f7b5c248c7d7dbfd1300de8e39b75b182aa3edb37
dataset_schema_context,aidev,aidev-v047,candidate_source_cell,complete_with_schema_gaps,QID,transaction_identifier,业务关联标识,controlled,0,False,,{},candidate_source_cell,,,,pending,False,not_established,False,/Users/lzh/Downloads/Log 研究/agentlog_unified/schema-runs/aidev-v047/schema_type_summary.json,e0a9f9ff57142073caaaa26f7b5c248c7d7dbfd1300de8e39b75b182aa3edb37
dataset_schema_context,aidev,aidev-v047,candidate_source_cell,complete_with_schema_gaps,QID,unspecified_linkable_identifier,细类待确定,controlled,0,False,,{},candidate_source_cell,,,,pending,False,not_established,False,/Users/lzh/Downloads/Log 研究/agentlog_unified/schema-runs/aidev-v047/schema_type_summary.json,e0a9f9ff57142073caaaa26f7b5c248c7d7dbfd1300de8e39b75b182aa3edb37
dataset_schema_context,aidev,aidev-v047,candidate_source_cell,complete_with_schema_gaps,QID,user_identifier,用户或账户标识,controlled,3688655,True,,"{""schema_context_candidate"":3688655}",candidate_source_cell,,,,pending,False,not_established,False,/Users/lzh/Downloads/Log 研究/agentlog_unified/schema-runs/aidev-v047/schema_type_summary.json,e0a9f9ff57142073caaaa26f7b5c248c7d7dbfd1300de8e39b75b182aa3edb37
dataset_text_reconciled,aidev,aidev-v046,reconciled_candidate_identity_per_type,reconciled_with_semantic_gaps,AUTH,access_token,访问令牌,controlled,52614,True,52614,"{""identifier_reference"":25938,""literal_candidate"":3146,""named_value_candidate"":23530}",reconciled_candidate_evidence_variant,611,611,17229,pending,False,not_established,False,/Users/lzh/Downloads/Log 研究/agentlog_unified/reconciled-runs/aidev-v046/merged_type_summary.jsonl.gz,0947265dc4656e9703c7b1d712e6d779a547d56aedb403c7047904559c57a72c
dataset_text_reconciled,aidev,aidev-v046,reconciled_candidate_identity_per_type,reconciled_with_semantic_gaps,AUTH,api_key,服务密钥,controlled,24775,True,24775,"{""identifier_reference"":11766,""literal_candidate"":109,""named_value_candidate"":12900}",reconciled_candidate_evidence_variant,718,718,10249,pending,False,not_established,False,/Users/lzh/Downloads/Log 研究/agentlog_unified/reconciled-runs/aidev-v046/merged_type_summary.jsonl.gz,0947265dc4656e9703c7b1d712e6d779a547d56aedb403c7047904559c57a72c
dataset_text_reconciled,aidev,aidev-v046,reconciled_candidate_identity_per_type,reconciled_with_semantic_gaps,AUTH,auth_cookie,认证 Cookie,controlled,7186,True,7186,"{""identifier_reference"":4470,""named_value_candidate"":2716}",reconciled_candidate_evidence_variant,0,0,1907,pending,False,not_established,False,/Users/lzh/Downloads/Log 研究/agentlog_unified/reconciled-runs/aidev-v046/merged_type_summary.jsonl.gz,0947265dc4656e9703c7b1d712e6d779a547d56aedb403c7047904559c57a72c
dataset_text_reconciled,aidev,aidev-v046,reconciled_candidate_identity_per_type,reconciled_with_semantic_gaps,AUTH,authorization_header,认证头,controlled,9472,True,9472,"{""identifier_reference"":5387,""literal_candidate"":609,""named_value_candidate"":3476}",reconciled_candidate_evidence_variant,68,68,4157,pending,False,not_established,False,/Users/lzh/Downloads/Log 研究/agentlog_unified/reconciled-runs/aidev-v046/merged_type_summary.jsonl.gz,0947265dc4656e9703c7b1d712e6d779a547d56aedb403c7047904559c57a72c
dataset_text_reconciled,aidev,aidev-v046,reconciled_candidate_identity_per_type,reconciled_with_semantic_gaps,AUTH,credential_bundle,其他认证秘密或凭证对象,controlled,28734,True,28734,"{""identifier_reference"":13722,""literal_candidate"":4448,""named_value_candidate"":10564}",reconciled_candidate_evidence_variant,66,66,10274,pending,False,not_established,False,/Users/lzh/Downloads/Log 研究/agentlog_unified/reconciled-runs/aidev-v046/merged_type_summary.jsonl.gz,0947265dc4656e9703c7b1d712e6d779a547d56aedb403c7047904559c57a72c
dataset_text_reconciled,aidev,aidev-v046,reconciled_candidate_identity_per_type,reconciled_with_semantic_gaps,AUTH,password,密码,controlled,12027,True,12027,"{""identifier_reference"":5500,""named_value_candidate"":6527}",reconciled_candidate_evidence_variant,160,160,5300,pending,False,not_established,False,/Users/lzh/Downloads/Log 研究/agentlog_unified/reconciled-runs/aidev-v046/merged_type_summary.jsonl.gz,0947265dc4656e9703c7b1d712e6d779a547d56aedb403c7047904559c57a72c
dataset_text_reconciled,aidev,aidev-v046,reconciled_candidate_identity_per_type,reconciled_with_semantic_gaps,AUTH,private_key,私钥,controlled,1694,True,1694,"{""identifier_reference"":756,""literal_candidate"":86,""named_value_candidate"":852}",reconciled_candidate_evidence_variant,6,6,868,pending,False,not_established,False,/Users/lzh/Downloads/Log 研究/agentlog_unified/reconciled-runs/aidev-v046/merged_type_summary.jsonl.gz,0947265dc4656e9703c7b1d712e6d779a547d56aedb403c7047904559c57a72c
dataset_text_reconciled,aidev,aidev-v046,reconciled_candidate_identity_per_type,reconciled_with_semantic_gaps,BIZ,business_object,业务对象载体,controlled,157706,True,157706,"{""carrier_candidate"":78037,""identifier_reference"":79669}",reconciled_candidate_evidence_variant,106,106,55523,pending,False,not_established,False,/Users/lzh/Downloads/Log 研究/agentlog_unified/reconciled-runs/aidev-v046/merged_type_summary.jsonl.gz,0947265dc4656e9703c7b1d712e6d779a547d56aedb403c7047904559c57a72c
dataset_text_reconciled,aidev,aidev-v046,reconciled_candidate_identity_per_type,reconciled_with_semantic_gaps,BIZ,document_content,文档及内容载体,controlled,95499,True,95499,"{""carrier_candidate"":59888,""identifier_reference"":35611}",reconciled_candidate_evidence_variant,152,152,30456,pending,False,not_established,False,/Users/lzh/Downloads/Log 研究/agentlog_unified/reconciled-runs/aidev-v046/merged_type_summary.jsonl.gz,0947265dc4656e9703c7b1d712e6d779a547d56aedb403c7047904559c57a72c
dataset_text_reconciled,aidev,aidev-v046,reconciled_candidate_identity_per_type,reconciled_with_semantic_gaps,BIZ,http_headers,请求响应头载体,controlled,41647,True,41647,"{""carrier_candidate"":17857,""identifier_reference"":23790}",reconciled_candidate_evidence_variant,13,13,16110,pending,False,not_established,False,/Users/lzh/Downloads/Log 研究/agentlog_unified/reconciled-runs/aidev-v046/merged_type_summary.jsonl.gz,0947265dc4656e9703c7b1d712e6d779a547d56aedb403c7047904559c57a72c
dataset_text_reconciled,aidev,aidev-v046,reconciled_candidate_identity_per_type,reconciled_with_semantic_gaps,BIZ,message_content,业务聊天内容载体,controlled,1011,True,1011,"{""carrier_candidate"":542,""identifier_reference"":469}",reconciled_candidate_evidence_variant,0,0,629,pending,False,not_established,False,/Users/lzh/Downloads/Log 研究/agentlog_unified/reconciled-runs/aidev-v046/merged_type_summary.jsonl.gz,0947265dc4656e9703c7b1d712e6d779a547d56aedb403c7047904559c57a72c
dataset_text_reconciled,aidev,aidev-v046,reconciled_candidate_identity_per_type,reconciled_with_semantic_gaps,BIZ,request_body,请求体载体,controlled,67922,True,67922,"{""carrier_candidate"":34471,""identifier_reference"":33451}",reconciled_candidate_evidence_variant,16,16,22129,pending,False,not_established,False,/Users/lzh/Downloads/Log 研究/agentlog_unified/reconciled-runs/aidev-v046/merged_type_summary.jsonl.gz,0947265dc4656e9703c7b1d712e6d779a547d56aedb403c7047904559c57a72c
dataset_text_reconciled,aidev,aidev-v046,reconciled_candidate_identity_per_type,reconciled_with_semantic_gaps,BIZ,response_body,响应体载体,controlled,76698,True,76698,"{""carrier_candidate"":39336,""identifier_reference"":37362}",reconciled_candidate_evidence_variant,7,7,20996,pending,False,not_established,False,/Users/lzh/Downloads/Log 研究/agentlog_unified/reconciled-runs/aidev-v046/merged_type_summary.jsonl.gz,0947265dc4656e9703c7b1d712e6d779a547d56aedb403c7047904559c57a72c
dataset_text_reconciled,aidev,aidev-v046,reconciled_candidate_identity_per_type,reconciled_with_semantic_gaps,BIZ,unclassified_content,细类待确定,controlled,0,False,0,{},reconciled_candidate_evidence_variant,0,0,0,pending,False,not_established,False,/Users/lzh/Downloads/Log 研究/agentlog_unified/reconciled-runs/aidev-v046/merged_type_summary.jsonl.gz,0947265dc4656e9703c7b1d712e6d779a547d56aedb403c7047904559c57a72c
dataset_text_reconciled,aidev,aidev-v046,reconciled_candidate_identity_per_type,reconciled_with_semantic_gaps,BIZ,unclassified_object,细类待确定,controlled,0,False,0,{},reconciled_candidate_evidence_variant,0,0,0,pending,False,not_established,False,/Users/lzh/Downloads/Log 研究/agentlog_unified/reconciled-runs/aidev-v046/merged_type_summary.jsonl.gz,0947265dc4656e9703c7b1d712e6d779a547d56aedb403c7047904559c57a72c
dataset_text_reconciled,aidev,aidev-v046,reconciled_candidate_identity_per_type,reconciled_with_semantic_gaps,CFG,database_connection,数据库连接,controlled,5261,True,5261,"{""identifier_reference"":2639,""named_value_candidate"":2622}",reconciled_candidate_evidence_variant,35,35,2325,pending,False,not_established,False,/Users/lzh/Downloads/Log 研究/agentlog_unified/reconciled-runs/aidev-v046/merged_type_summary.jsonl.gz,0947265dc4656e9703c7b1d712e6d779a547d56aedb403c7047904559c57a72c
dataset_text_reconciled,aidev,aidev-v046,reconciled_candidate_identity_per_type,reconciled_with_semantic_gaps,CFG,deployment_configuration,配置及部署载体,controlled,71090,True,71090,"{""carrier_candidate"":31414,""identifier_reference"":39676}",reconciled_candidate_evidence_variant,17,17,27368,pending,False,not_established,False,/Users/lzh/Downloads/Log 研究/agentlog_unified/reconciled-runs/aidev-v046/merged_type_summary.jsonl.gz,0947265dc4656e9703c7b1d712e6d779a547d56aedb403c7047904559c57a72c
dataset_text_reconciled,aidev,aidev-v046,reconciled_candidate_identity_per_type,reconciled_with_semantic_gaps,CFG,environment,环境变量载体,controlled,34830,True,34830,"{""carrier_candidate"":16155,""identifier_reference"":18675}",reconciled_candidate_evidence_variant,29,29,15294,pending,False,not_established,False,/Users/lzh/Downloads/Log 研究/agentlog_unified/reconciled-runs/aidev-v046/merged_type_summary.jsonl.gz,0947265dc4656e9703c7b1d712e6d779a547d56aedb403c7047904559c57a72c
dataset_text_reconciled,aidev,aidev-v046,reconciled_candidate_identity_per_type,reconciled_with_semantic_gaps,CFG,filesystem_path,内部文件路径,controlled,14613,True,14613,"{""identifier_reference"":6244,""named_value_candidate"":8369}",reconciled_candidate_evidence_variant,15,15,6398,pending,False,not_established,False,/Users/lzh/Downloads/Log 研究/agentlog_unified/reconciled-runs/aidev-v046/merged_type_summary.jsonl.gz,0947265dc4656e9703c7b1d712e6d779a547d56aedb403c7047904559c57a72c
dataset_text_reconciled,aidev,aidev-v046,reconciled_candidate_identity_per_type,reconciled_with_semantic_gaps,CFG,internal_endpoint,内部端点,controlled,161,True,161,"{""identifier_reference"":64,""named_value_candidate"":97}",reconciled_candidate_evidence_variant,0,0,97,pending,False,not_established,False,/Users/lzh/Downloads/Log 研究/agentlog_unified/reconciled-runs/aidev-v046/merged_type_summary.jsonl.gz,0947265dc4656e9703c7b1d712e6d779a547d56aedb403c7047904559c57a72c
dataset_text_reconciled,aidev,aidev-v046,reconciled_candidate_identity_per_type,reconciled_with_semantic_gaps,CFG,unclassified_internal_resource,细类待确定,controlled,0,False,0,{},reconciled_candidate_evidence_variant,0,0,0,pending,False,not_established,False,/Users/lzh/Downloads/Log 研究/agentlog_unified/reconciled-runs/aidev-v046/merged_type_summary.jsonl.gz,0947265dc4656e9703c7b1d712e6d779a547d56aedb403c7047904559c57a72c
dataset_text_reconciled,aidev,aidev-v046,reconciled_candidate_identity_per_type,reconciled_with_semantic_gaps,DIAG,exception_message,异常内容载体,controlled,252361,True,252361,"{""carrier_candidate"":148788,""identifier_reference"":103573}",reconciled_candidate_evidence_variant,75,75,64738,pending,False,not_established,False,/Users/lzh/Downloads/Log 研究/agentlog_unified/reconciled-runs/aidev-v046/merged_type_summary.jsonl.gz,0947265dc4656e9703c7b1d712e6d779a547d56aedb403c7047904559c57a72c
dataset_text_reconciled,aidev,aidev-v046,reconciled_candidate_identity_per_type,reconciled_with_semantic_gaps,DIAG,failure_response,失败响应载体,controlled,734,True,734,"{""carrier_candidate"":103,""identifier_reference"":631}",reconciled_candidate_evidence_variant,0,0,260,pending,False,not_established,False,/Users/lzh/Downloads/Log 研究/agentlog_unified/reconciled-runs/aidev-v046/merged_type_summary.jsonl.gz,0947265dc4656e9703c7b1d712e6d779a547d56aedb403c7047904559c57a72c
dataset_text_reconciled,aidev,aidev-v046,reconciled_candidate_identity_per_type,reconciled_with_semantic_gaps,DIAG,stack_trace,堆栈载体,controlled,6508,True,6508,"{""carrier_candidate"":3861,""identifier_reference"":2647}",reconciled_candidate_evidence_variant,14,14,2594,pending,False,not_established,False,/Users/lzh/Downloads/Log 研究/agentlog_unified/reconciled-runs/aidev-v046/merged_type_summary.jsonl.gz,0947265dc4656e9703c7b1d712e6d779a547d56aedb403c7047904559c57a72c
dataset_text_reconciled,aidev,aidev-v046,reconciled_candidate_identity_per_type,reconciled_with_semantic_gaps,PII,biometric,生物特征,controlled,36,True,36,"{""identifier_reference"":15,""named_value_candidate"":21}",reconciled_candidate_evidence_variant,0,0,26,pending,False,not_established,False,/Users/lzh/Downloads/Log 研究/agentlog_unified/reconciled-runs/aidev-v046/merged_type_summary.jsonl.gz,0947265dc4656e9703c7b1d712e6d779a547d56aedb403c7047904559c57a72c
dataset_text_reconciled,aidev,aidev-v046,reconciled_candidate_identity_per_type,reconciled_with_semantic_gaps,PII,email,邮箱,controlled,373897,True,373897,"{""identifier_reference"":14088,""literal_candidate"":350382,""named_value_candidate"":9427}",reconciled_candidate_evidence_variant,9597,9597,277629,pending,False,not_established,False,/Users/lzh/Downloads/Log 研究/agentlog_unified/reconciled-runs/aidev-v046/merged_type_summary.jsonl.gz,0947265dc4656e9703c7b1d712e6d779a547d56aedb403c7047904559c57a72c
dataset_text_reconciled,aidev,aidev-v046,reconciled_candidate_identity_per_type,reconciled_with_semantic_gaps,PII,financial,个人金融信息,controlled,1590,True,1590,"{""identifier_reference"":578,""named_value_candidate"":1012}",reconciled_candidate_evidence_variant,0,0,696,pending,False,not_established,False,/Users/lzh/Downloads/Log 研究/agentlog_unified/reconciled-runs/aidev-v046/merged_type_summary.jsonl.gz,0947265dc4656e9703c7b1d712e6d779a547d56aedb403c7047904559c57a72c
dataset_text_reconciled,aidev,aidev-v046,reconciled_candidate_identity_per_type,reconciled_with_semantic_gaps,PII,government_identifier,政府证件标识,controlled,609,True,609,"{""identifier_reference"":238,""named_value_candidate"":371}",reconciled_candidate_evidence_variant,0,0,221,pending,False,not_established,False,/Users/lzh/Downloads/Log 研究/agentlog_unified/reconciled-runs/aidev-v046/merged_type_summary.jsonl.gz,0947265dc4656e9703c7b1d712e6d779a547d56aedb403c7047904559c57a72c
dataset_text_reconciled,aidev,aidev-v046,reconciled_candidate_identity_per_type,reconciled_with_semantic_gaps,PII,medical,医疗健康信息,controlled,442,True,442,"{""identifier_reference"":171,""named_value_candidate"":271}",reconciled_candidate_evidence_variant,0,0,80,pending,False,not_established,False,/Users/lzh/Downloads/Log 研究/agentlog_unified/reconciled-runs/aidev-v046/merged_type_summary.jsonl.gz,0947265dc4656e9703c7b1d712e6d779a547d56aedb403c7047904559c57a72c
dataset_text_reconciled,aidev,aidev-v046,reconciled_candidate_identity_per_type,reconciled_with_semantic_gaps,PII,person_name,个人姓名,controlled,17456,True,17456,"{""identifier_reference"":8343,""named_value_candidate"":9113}",reconciled_candidate_evidence_variant,77,77,6814,pending,False,not_established,False,/Users/lzh/Downloads/Log 研究/agentlog_unified/reconciled-runs/aidev-v046/merged_type_summary.jsonl.gz,0947265dc4656e9703c7b1d712e6d779a547d56aedb403c7047904559c57a72c
dataset_text_reconciled,aidev,aidev-v046,reconciled_candidate_identity_per_type,reconciled_with_semantic_gaps,PII,phone,电话,controlled,4017,True,4017,"{""identifier_reference"":1879,""named_value_candidate"":2138}",reconciled_candidate_evidence_variant,3,3,1443,pending,False,not_established,False,/Users/lzh/Downloads/Log 研究/agentlog_unified/reconciled-runs/aidev-v046/merged_type_summary.jsonl.gz,0947265dc4656e9703c7b1d712e6d779a547d56aedb403c7047904559c57a72c
dataset_text_reconciled,aidev,aidev-v046,reconciled_candidate_identity_per_type,reconciled_with_semantic_gaps,PII,postal_address,通信地址,controlled,22176,True,22176,"{""identifier_reference"":9419,""named_value_candidate"":12757}",reconciled_candidate_evidence_variant,70,70,6814,pending,False,not_established,False,/Users/lzh/Downloads/Log 研究/agentlog_unified/reconciled-runs/aidev-v046/merged_type_summary.jsonl.gz,0947265dc4656e9703c7b1d712e6d779a547d56aedb403c7047904559c57a72c
dataset_text_reconciled,aidev,aidev-v046,reconciled_candidate_identity_per_type,reconciled_with_semantic_gaps,PII,precise_location,精确位置候选,controlled,841,True,841,"{""identifier_reference"":336,""named_value_candidate"":505}",reconciled_candidate_evidence_variant,0,0,223,pending,False,not_established,False,/Users/lzh/Downloads/Log 研究/agentlog_unified/reconciled-runs/aidev-v046/merged_type_summary.jsonl.gz,0947265dc4656e9703c7b1d712e6d779a547d56aedb403c7047904559c57a72c
dataset_text_reconciled,aidev,aidev-v046,reconciled_candidate_identity_per_type,reconciled_with_semantic_gaps,PII,unspecified_personal_information,细类待确定,controlled,0,False,0,{},reconciled_candidate_evidence_variant,0,0,0,pending,False,not_established,False,/Users/lzh/Downloads/Log 研究/agentlog_unified/reconciled-runs/aidev-v046/merged_type_summary.jsonl.gz,0947265dc4656e9703c7b1d712e6d779a547d56aedb403c7047904559c57a72c
dataset_text_reconciled,aidev,aidev-v046,reconciled_candidate_identity_per_type,reconciled_with_semantic_gaps,QID,device_identifier,设备标识,controlled,752,True,752,"{""identifier_reference"":274,""named_value_candidate"":478}",reconciled_candidate_evidence_variant,0,0,402,pending,False,not_established,False,/Users/lzh/Downloads/Log 研究/agentlog_unified/reconciled-runs/aidev-v046/merged_type_summary.jsonl.gz,0947265dc4656e9703c7b1d712e6d779a547d56aedb403c7047904559c57a72c
dataset_text_reconciled,aidev,aidev-v046,reconciled_candidate_identity_per_type,reconciled_with_semantic_gaps,QID,network_identifier,网络关联标识,controlled,33296,True,33296,"{""identifier_reference"":709,""literal_candidate"":32115,""named_value_candidate"":472}",reconciled_candidate_evidence_variant,0,0,9581,pending,False,not_established,False,/Users/lzh/Downloads/Log 研究/agentlog_unified/reconciled-runs/aidev-v046/merged_type_summary.jsonl.gz,0947265dc4656e9703c7b1d712e6d779a547d56aedb403c7047904559c57a72c
dataset_text_reconciled,aidev,aidev-v046,reconciled_candidate_identity_per_type,reconciled_with_semantic_gaps,QID,request_identifier,请求关联标识,controlled,11283,True,11283,"{""identifier_reference"":5624,""named_value_candidate"":5659}",reconciled_candidate_evidence_variant,4,4,3343,pending,False,not_established,False,/Users/lzh/Downloads/Log 研究/agentlog_unified/reconciled-runs/aidev-v046/merged_type_summary.jsonl.gz,0947265dc4656e9703c7b1d712e6d779a547d56aedb403c7047904559c57a72c
dataset_text_reconciled,aidev,aidev-v046,reconciled_candidate_identity_per_type,reconciled_with_semantic_gaps,QID,session_identifier,会话标识,controlled,4900,True,4900,"{""identifier_reference"":2483,""named_value_candidate"":2417}",reconciled_candidate_evidence_variant,1,1,2090,pending,False,not_established,False,/Users/lzh/Downloads/Log 研究/agentlog_unified/reconciled-runs/aidev-v046/merged_type_summary.jsonl.gz,0947265dc4656e9703c7b1d712e6d779a547d56aedb403c7047904559c57a72c
dataset_text_reconciled,aidev,aidev-v046,reconciled_candidate_identity_per_type,reconciled_with_semantic_gaps,QID,tenant_identifier,租户标识,controlled,1645,True,1645,"{""identifier_reference"":709,""named_value_candidate"":936}",reconciled_candidate_evidence_variant,1,1,829,pending,False,not_established,False,/Users/lzh/Downloads/Log 研究/agentlog_unified/reconciled-runs/aidev-v046/merged_type_summary.jsonl.gz,0947265dc4656e9703c7b1d712e6d779a547d56aedb403c7047904559c57a72c
dataset_text_reconciled,aidev,aidev-v046,reconciled_candidate_identity_per_type,reconciled_with_semantic_gaps,QID,transaction_identifier,业务关联标识,controlled,3613,True,3613,"{""identifier_reference"":1835,""named_value_candidate"":1778}",reconciled_candidate_evidence_variant,2,2,1767,pending,False,not_established,False,/Users/lzh/Downloads/Log 研究/agentlog_unified/reconciled-runs/aidev-v046/merged_type_summary.jsonl.gz,0947265dc4656e9703c7b1d712e6d779a547d56aedb403c7047904559c57a72c
dataset_text_reconciled,aidev,aidev-v046,reconciled_candidate_identity_per_type,reconciled_with_semantic_gaps,QID,unspecified_linkable_identifier,细类待确定,controlled,0,False,0,{},reconciled_candidate_evidence_variant,0,0,0,pending,False,not_established,False,/Users/lzh/Downloads/Log 研究/agentlog_unified/reconciled-runs/aidev-v046/merged_type_summary.jsonl.gz,0947265dc4656e9703c7b1d712e6d779a547d56aedb403c7047904559c57a72c
dataset_text_reconciled,aidev,aidev-v046,reconciled_candidate_identity_per_type,reconciled_with_semantic_gaps,QID,user_identifier,用户或账户标识,controlled,37258,True,37258,"{""identifier_reference"":19440,""named_value_candidate"":17818}",reconciled_candidate_evidence_variant,8,8,12351,pending,False,not_established,False,/Users/lzh/Downloads/Log 研究/agentlog_unified/reconciled-runs/aidev-v046/merged_type_summary.jsonl.gz,0947265dc4656e9703c7b1d712e6d779a547d56aedb403c7047904559c57a72c
