observation_scope,dataset,source_run,count_unit,coverage_status,category,subtype,subtype_label,count_within_processed_scope,observed_within_processed_scope,candidate_status_counts,human_review_status,runtime_confirmed,new_type_status,full_dataset_coverage_claim,source_path,source_sha256
dataset_commit_changes,aidev,aidev-full-v5,observed_log_version_per_type_in_one_batch,incomplete_or_gaps,AUTH,access_token,访问令牌,0,False,{},pending,False,not_established,False,/Users/lzh/Downloads/Log 研究/agentlog_unified/docs/observed_type_inventory_v044.csv,8d9bf1c59ece1c1c883218883da00cefafc301265c04c87a562863805a54fd2d
dataset_commit_changes,aidev,aidev-full-v5,observed_log_version_per_type_in_one_batch,incomplete_or_gaps,AUTH,api_key,服务密钥,0,False,{},pending,False,not_established,False,/Users/lzh/Downloads/Log 研究/agentlog_unified/docs/observed_type_inventory_v044.csv,8d9bf1c59ece1c1c883218883da00cefafc301265c04c87a562863805a54fd2d
dataset_commit_changes,aidev,aidev-full-v5,observed_log_version_per_type_in_one_batch,incomplete_or_gaps,AUTH,auth_cookie,认证 Cookie,0,False,{},pending,False,not_established,False,/Users/lzh/Downloads/Log 研究/agentlog_unified/docs/observed_type_inventory_v044.csv,8d9bf1c59ece1c1c883218883da00cefafc301265c04c87a562863805a54fd2d
dataset_commit_changes,aidev,aidev-full-v5,observed_log_version_per_type_in_one_batch,incomplete_or_gaps,AUTH,authorization_header,认证头,0,False,{},pending,False,not_established,False,/Users/lzh/Downloads/Log 研究/agentlog_unified/docs/observed_type_inventory_v044.csv,8d9bf1c59ece1c1c883218883da00cefafc301265c04c87a562863805a54fd2d
dataset_commit_changes,aidev,aidev-full-v5,observed_log_version_per_type_in_one_batch,incomplete_or_gaps,AUTH,credential_bundle,其他认证秘密或凭证对象,0,False,{},pending,False,not_established,False,/Users/lzh/Downloads/Log 研究/agentlog_unified/docs/observed_type_inventory_v044.csv,8d9bf1c59ece1c1c883218883da00cefafc301265c04c87a562863805a54fd2d
dataset_commit_changes,aidev,aidev-full-v5,observed_log_version_per_type_in_one_batch,incomplete_or_gaps,AUTH,password,密码,10,True,"{""static_type_label"": 10}",pending,False,not_established,False,/Users/lzh/Downloads/Log 研究/agentlog_unified/docs/observed_type_inventory_v044.csv,8d9bf1c59ece1c1c883218883da00cefafc301265c04c87a562863805a54fd2d
dataset_commit_changes,aidev,aidev-full-v5,observed_log_version_per_type_in_one_batch,incomplete_or_gaps,AUTH,private_key,私钥,0,False,{},pending,False,not_established,False,/Users/lzh/Downloads/Log 研究/agentlog_unified/docs/observed_type_inventory_v044.csv,8d9bf1c59ece1c1c883218883da00cefafc301265c04c87a562863805a54fd2d
dataset_commit_changes,aidev,aidev-full-v5,observed_log_version_per_type_in_one_batch,incomplete_or_gaps,BIZ,business_object,业务对象载体,10,True,"{""static_type_label"": 10}",pending,False,not_established,False,/Users/lzh/Downloads/Log 研究/agentlog_unified/docs/observed_type_inventory_v044.csv,8d9bf1c59ece1c1c883218883da00cefafc301265c04c87a562863805a54fd2d
dataset_commit_changes,aidev,aidev-full-v5,observed_log_version_per_type_in_one_batch,incomplete_or_gaps,BIZ,document_content,文档及内容载体,0,False,{},pending,False,not_established,False,/Users/lzh/Downloads/Log 研究/agentlog_unified/docs/observed_type_inventory_v044.csv,8d9bf1c59ece1c1c883218883da00cefafc301265c04c87a562863805a54fd2d
dataset_commit_changes,aidev,aidev-full-v5,observed_log_version_per_type_in_one_batch,incomplete_or_gaps,BIZ,http_headers,请求响应头载体,0,False,{},pending,False,not_established,False,/Users/lzh/Downloads/Log 研究/agentlog_unified/docs/observed_type_inventory_v044.csv,8d9bf1c59ece1c1c883218883da00cefafc301265c04c87a562863805a54fd2d
dataset_commit_changes,aidev,aidev-full-v5,observed_log_version_per_type_in_one_batch,incomplete_or_gaps,BIZ,message_content,业务聊天内容载体,0,False,{},pending,False,not_established,False,/Users/lzh/Downloads/Log 研究/agentlog_unified/docs/observed_type_inventory_v044.csv,8d9bf1c59ece1c1c883218883da00cefafc301265c04c87a562863805a54fd2d
dataset_commit_changes,aidev,aidev-full-v5,observed_log_version_per_type_in_one_batch,incomplete_or_gaps,BIZ,request_body,请求体载体,2,True,"{""static_type_label"": 2}",pending,False,not_established,False,/Users/lzh/Downloads/Log 研究/agentlog_unified/docs/observed_type_inventory_v044.csv,8d9bf1c59ece1c1c883218883da00cefafc301265c04c87a562863805a54fd2d
dataset_commit_changes,aidev,aidev-full-v5,observed_log_version_per_type_in_one_batch,incomplete_or_gaps,BIZ,response_body,响应体载体,11,True,"{""static_type_label"": 11}",pending,False,not_established,False,/Users/lzh/Downloads/Log 研究/agentlog_unified/docs/observed_type_inventory_v044.csv,8d9bf1c59ece1c1c883218883da00cefafc301265c04c87a562863805a54fd2d
dataset_commit_changes,aidev,aidev-full-v5,observed_log_version_per_type_in_one_batch,incomplete_or_gaps,BIZ,unclassified_content,细类待确定,0,False,{},pending,False,not_established,False,/Users/lzh/Downloads/Log 研究/agentlog_unified/docs/observed_type_inventory_v044.csv,8d9bf1c59ece1c1c883218883da00cefafc301265c04c87a562863805a54fd2d
dataset_commit_changes,aidev,aidev-full-v5,observed_log_version_per_type_in_one_batch,incomplete_or_gaps,BIZ,unclassified_object,细类待确定,2,True,"{""static_type_label"": 2}",pending,False,not_established,False,/Users/lzh/Downloads/Log 研究/agentlog_unified/docs/observed_type_inventory_v044.csv,8d9bf1c59ece1c1c883218883da00cefafc301265c04c87a562863805a54fd2d
dataset_commit_changes,aidev,aidev-full-v5,observed_log_version_per_type_in_one_batch,incomplete_or_gaps,CFG,database_connection,数据库连接,0,False,{},pending,False,not_established,False,/Users/lzh/Downloads/Log 研究/agentlog_unified/docs/observed_type_inventory_v044.csv,8d9bf1c59ece1c1c883218883da00cefafc301265c04c87a562863805a54fd2d
dataset_commit_changes,aidev,aidev-full-v5,observed_log_version_per_type_in_one_batch,incomplete_or_gaps,CFG,deployment_configuration,配置及部署载体,17,True,"{""static_type_label"": 17}",pending,False,not_established,False,/Users/lzh/Downloads/Log 研究/agentlog_unified/docs/observed_type_inventory_v044.csv,8d9bf1c59ece1c1c883218883da00cefafc301265c04c87a562863805a54fd2d
dataset_commit_changes,aidev,aidev-full-v5,observed_log_version_per_type_in_one_batch,incomplete_or_gaps,CFG,environment,环境变量载体,0,False,{},pending,False,not_established,False,/Users/lzh/Downloads/Log 研究/agentlog_unified/docs/observed_type_inventory_v044.csv,8d9bf1c59ece1c1c883218883da00cefafc301265c04c87a562863805a54fd2d
dataset_commit_changes,aidev,aidev-full-v5,observed_log_version_per_type_in_one_batch,incomplete_or_gaps,CFG,filesystem_path,内部文件路径,17,True,"{""static_type_label"": 17}",pending,False,not_established,False,/Users/lzh/Downloads/Log 研究/agentlog_unified/docs/observed_type_inventory_v044.csv,8d9bf1c59ece1c1c883218883da00cefafc301265c04c87a562863805a54fd2d
dataset_commit_changes,aidev,aidev-full-v5,observed_log_version_per_type_in_one_batch,incomplete_or_gaps,CFG,internal_endpoint,内部端点,0,False,{},pending,False,not_established,False,/Users/lzh/Downloads/Log 研究/agentlog_unified/docs/observed_type_inventory_v044.csv,8d9bf1c59ece1c1c883218883da00cefafc301265c04c87a562863805a54fd2d
dataset_commit_changes,aidev,aidev-full-v5,observed_log_version_per_type_in_one_batch,incomplete_or_gaps,CFG,unclassified_internal_resource,细类待确定,0,False,{},pending,False,not_established,False,/Users/lzh/Downloads/Log 研究/agentlog_unified/docs/observed_type_inventory_v044.csv,8d9bf1c59ece1c1c883218883da00cefafc301265c04c87a562863805a54fd2d
dataset_commit_changes,aidev,aidev-full-v5,observed_log_version_per_type_in_one_batch,incomplete_or_gaps,DIAG,exception_message,异常内容载体,172,True,"{""static_type_label"": 172}",pending,False,not_established,False,/Users/lzh/Downloads/Log 研究/agentlog_unified/docs/observed_type_inventory_v044.csv,8d9bf1c59ece1c1c883218883da00cefafc301265c04c87a562863805a54fd2d
dataset_commit_changes,aidev,aidev-full-v5,observed_log_version_per_type_in_one_batch,incomplete_or_gaps,DIAG,failure_response,失败响应载体,0,False,{},pending,False,not_established,False,/Users/lzh/Downloads/Log 研究/agentlog_unified/docs/observed_type_inventory_v044.csv,8d9bf1c59ece1c1c883218883da00cefafc301265c04c87a562863805a54fd2d
dataset_commit_changes,aidev,aidev-full-v5,observed_log_version_per_type_in_one_batch,incomplete_or_gaps,DIAG,stack_trace,堆栈载体,0,False,{},pending,False,not_established,False,/Users/lzh/Downloads/Log 研究/agentlog_unified/docs/observed_type_inventory_v044.csv,8d9bf1c59ece1c1c883218883da00cefafc301265c04c87a562863805a54fd2d
dataset_commit_changes,aidev,aidev-full-v5,observed_log_version_per_type_in_one_batch,incomplete_or_gaps,PII,biometric,生物特征,0,False,{},pending,False,not_established,False,/Users/lzh/Downloads/Log 研究/agentlog_unified/docs/observed_type_inventory_v044.csv,8d9bf1c59ece1c1c883218883da00cefafc301265c04c87a562863805a54fd2d
dataset_commit_changes,aidev,aidev-full-v5,observed_log_version_per_type_in_one_batch,incomplete_or_gaps,PII,email,邮箱,32,True,"{""static_type_label"": 32}",pending,False,not_established,False,/Users/lzh/Downloads/Log 研究/agentlog_unified/docs/observed_type_inventory_v044.csv,8d9bf1c59ece1c1c883218883da00cefafc301265c04c87a562863805a54fd2d
dataset_commit_changes,aidev,aidev-full-v5,observed_log_version_per_type_in_one_batch,incomplete_or_gaps,PII,financial,个人金融信息,0,False,{},pending,False,not_established,False,/Users/lzh/Downloads/Log 研究/agentlog_unified/docs/observed_type_inventory_v044.csv,8d9bf1c59ece1c1c883218883da00cefafc301265c04c87a562863805a54fd2d
dataset_commit_changes,aidev,aidev-full-v5,observed_log_version_per_type_in_one_batch,incomplete_or_gaps,PII,government_identifier,政府证件标识,0,False,{},pending,False,not_established,False,/Users/lzh/Downloads/Log 研究/agentlog_unified/docs/observed_type_inventory_v044.csv,8d9bf1c59ece1c1c883218883da00cefafc301265c04c87a562863805a54fd2d
dataset_commit_changes,aidev,aidev-full-v5,observed_log_version_per_type_in_one_batch,incomplete_or_gaps,PII,medical,医疗健康信息,0,False,{},pending,False,not_established,False,/Users/lzh/Downloads/Log 研究/agentlog_unified/docs/observed_type_inventory_v044.csv,8d9bf1c59ece1c1c883218883da00cefafc301265c04c87a562863805a54fd2d
dataset_commit_changes,aidev,aidev-full-v5,observed_log_version_per_type_in_one_batch,incomplete_or_gaps,PII,person_name,个人姓名,1,True,"{""static_type_label"": 1}",pending,False,not_established,False,/Users/lzh/Downloads/Log 研究/agentlog_unified/docs/observed_type_inventory_v044.csv,8d9bf1c59ece1c1c883218883da00cefafc301265c04c87a562863805a54fd2d
dataset_commit_changes,aidev,aidev-full-v5,observed_log_version_per_type_in_one_batch,incomplete_or_gaps,PII,phone,电话,0,False,{},pending,False,not_established,False,/Users/lzh/Downloads/Log 研究/agentlog_unified/docs/observed_type_inventory_v044.csv,8d9bf1c59ece1c1c883218883da00cefafc301265c04c87a562863805a54fd2d
dataset_commit_changes,aidev,aidev-full-v5,observed_log_version_per_type_in_one_batch,incomplete_or_gaps,PII,postal_address,通信地址,0,False,{},pending,False,not_established,False,/Users/lzh/Downloads/Log 研究/agentlog_unified/docs/observed_type_inventory_v044.csv,8d9bf1c59ece1c1c883218883da00cefafc301265c04c87a562863805a54fd2d
dataset_commit_changes,aidev,aidev-full-v5,observed_log_version_per_type_in_one_batch,incomplete_or_gaps,PII,precise_location,精确位置候选,0,False,{},pending,False,not_established,False,/Users/lzh/Downloads/Log 研究/agentlog_unified/docs/observed_type_inventory_v044.csv,8d9bf1c59ece1c1c883218883da00cefafc301265c04c87a562863805a54fd2d
dataset_commit_changes,aidev,aidev-full-v5,observed_log_version_per_type_in_one_batch,incomplete_or_gaps,PII,unspecified_personal_information,细类待确定,0,False,{},pending,False,not_established,False,/Users/lzh/Downloads/Log 研究/agentlog_unified/docs/observed_type_inventory_v044.csv,8d9bf1c59ece1c1c883218883da00cefafc301265c04c87a562863805a54fd2d
dataset_commit_changes,aidev,aidev-full-v5,observed_log_version_per_type_in_one_batch,incomplete_or_gaps,QID,device_identifier,设备标识,4,True,"{""static_type_label"": 4}",pending,False,not_established,False,/Users/lzh/Downloads/Log 研究/agentlog_unified/docs/observed_type_inventory_v044.csv,8d9bf1c59ece1c1c883218883da00cefafc301265c04c87a562863805a54fd2d
dataset_commit_changes,aidev,aidev-full-v5,observed_log_version_per_type_in_one_batch,incomplete_or_gaps,QID,network_identifier,网络关联标识,40,True,"{""static_type_label"": 40}",pending,False,not_established,False,/Users/lzh/Downloads/Log 研究/agentlog_unified/docs/observed_type_inventory_v044.csv,8d9bf1c59ece1c1c883218883da00cefafc301265c04c87a562863805a54fd2d
dataset_commit_changes,aidev,aidev-full-v5,observed_log_version_per_type_in_one_batch,incomplete_or_gaps,QID,request_identifier,请求关联标识,0,False,{},pending,False,not_established,False,/Users/lzh/Downloads/Log 研究/agentlog_unified/docs/observed_type_inventory_v044.csv,8d9bf1c59ece1c1c883218883da00cefafc301265c04c87a562863805a54fd2d
dataset_commit_changes,aidev,aidev-full-v5,observed_log_version_per_type_in_one_batch,incomplete_or_gaps,QID,session_identifier,会话标识,0,False,{},pending,False,not_established,False,/Users/lzh/Downloads/Log 研究/agentlog_unified/docs/observed_type_inventory_v044.csv,8d9bf1c59ece1c1c883218883da00cefafc301265c04c87a562863805a54fd2d
dataset_commit_changes,aidev,aidev-full-v5,observed_log_version_per_type_in_one_batch,incomplete_or_gaps,QID,tenant_identifier,租户标识,0,False,{},pending,False,not_established,False,/Users/lzh/Downloads/Log 研究/agentlog_unified/docs/observed_type_inventory_v044.csv,8d9bf1c59ece1c1c883218883da00cefafc301265c04c87a562863805a54fd2d
dataset_commit_changes,aidev,aidev-full-v5,observed_log_version_per_type_in_one_batch,incomplete_or_gaps,QID,transaction_identifier,业务关联标识,0,False,{},pending,False,not_established,False,/Users/lzh/Downloads/Log 研究/agentlog_unified/docs/observed_type_inventory_v044.csv,8d9bf1c59ece1c1c883218883da00cefafc301265c04c87a562863805a54fd2d
dataset_commit_changes,aidev,aidev-full-v5,observed_log_version_per_type_in_one_batch,incomplete_or_gaps,QID,unspecified_linkable_identifier,细类待确定,0,False,{},pending,False,not_established,False,/Users/lzh/Downloads/Log 研究/agentlog_unified/docs/observed_type_inventory_v044.csv,8d9bf1c59ece1c1c883218883da00cefafc301265c04c87a562863805a54fd2d
dataset_commit_changes,aidev,aidev-full-v5,observed_log_version_per_type_in_one_batch,incomplete_or_gaps,QID,user_identifier,用户或账户标识,0,False,{},pending,False,not_established,False,/Users/lzh/Downloads/Log 研究/agentlog_unified/docs/observed_type_inventory_v044.csv,8d9bf1c59ece1c1c883218883da00cefafc301265c04c87a562863805a54fd2d
dataset_commit_changes,swe-chat,swechat-full-v5,observed_log_version_per_type_in_one_batch,incomplete_or_gaps,AUTH,access_token,访问令牌,16,True,"{""static_type_label"": 16}",pending,False,not_established,False,/Users/lzh/Downloads/Log 研究/agentlog_unified/docs/observed_type_inventory_v044.csv,8d9bf1c59ece1c1c883218883da00cefafc301265c04c87a562863805a54fd2d
dataset_commit_changes,swe-chat,swechat-full-v5,observed_log_version_per_type_in_one_batch,incomplete_or_gaps,AUTH,api_key,服务密钥,17,True,"{""static_type_label"": 17}",pending,False,not_established,False,/Users/lzh/Downloads/Log 研究/agentlog_unified/docs/observed_type_inventory_v044.csv,8d9bf1c59ece1c1c883218883da00cefafc301265c04c87a562863805a54fd2d
dataset_commit_changes,swe-chat,swechat-full-v5,observed_log_version_per_type_in_one_batch,incomplete_or_gaps,AUTH,auth_cookie,认证 Cookie,0,False,{},pending,False,not_established,False,/Users/lzh/Downloads/Log 研究/agentlog_unified/docs/observed_type_inventory_v044.csv,8d9bf1c59ece1c1c883218883da00cefafc301265c04c87a562863805a54fd2d
dataset_commit_changes,swe-chat,swechat-full-v5,observed_log_version_per_type_in_one_batch,incomplete_or_gaps,AUTH,authorization_header,认证头,0,False,{},pending,False,not_established,False,/Users/lzh/Downloads/Log 研究/agentlog_unified/docs/observed_type_inventory_v044.csv,8d9bf1c59ece1c1c883218883da00cefafc301265c04c87a562863805a54fd2d
dataset_commit_changes,swe-chat,swechat-full-v5,observed_log_version_per_type_in_one_batch,incomplete_or_gaps,AUTH,credential_bundle,其他认证秘密或凭证对象,4,True,"{""static_type_label"": 4}",pending,False,not_established,False,/Users/lzh/Downloads/Log 研究/agentlog_unified/docs/observed_type_inventory_v044.csv,8d9bf1c59ece1c1c883218883da00cefafc301265c04c87a562863805a54fd2d
dataset_commit_changes,swe-chat,swechat-full-v5,observed_log_version_per_type_in_one_batch,incomplete_or_gaps,AUTH,password,密码,8,True,"{""static_type_label"": 8}",pending,False,not_established,False,/Users/lzh/Downloads/Log 研究/agentlog_unified/docs/observed_type_inventory_v044.csv,8d9bf1c59ece1c1c883218883da00cefafc301265c04c87a562863805a54fd2d
dataset_commit_changes,swe-chat,swechat-full-v5,observed_log_version_per_type_in_one_batch,incomplete_or_gaps,AUTH,private_key,私钥,0,False,{},pending,False,not_established,False,/Users/lzh/Downloads/Log 研究/agentlog_unified/docs/observed_type_inventory_v044.csv,8d9bf1c59ece1c1c883218883da00cefafc301265c04c87a562863805a54fd2d
dataset_commit_changes,swe-chat,swechat-full-v5,observed_log_version_per_type_in_one_batch,incomplete_or_gaps,BIZ,business_object,业务对象载体,66,True,"{""static_type_label"": 66}",pending,False,not_established,False,/Users/lzh/Downloads/Log 研究/agentlog_unified/docs/observed_type_inventory_v044.csv,8d9bf1c59ece1c1c883218883da00cefafc301265c04c87a562863805a54fd2d
dataset_commit_changes,swe-chat,swechat-full-v5,observed_log_version_per_type_in_one_batch,incomplete_or_gaps,BIZ,document_content,文档及内容载体,1,True,"{""static_type_label"": 1}",pending,False,not_established,False,/Users/lzh/Downloads/Log 研究/agentlog_unified/docs/observed_type_inventory_v044.csv,8d9bf1c59ece1c1c883218883da00cefafc301265c04c87a562863805a54fd2d
dataset_commit_changes,swe-chat,swechat-full-v5,observed_log_version_per_type_in_one_batch,incomplete_or_gaps,BIZ,http_headers,请求响应头载体,1,True,"{""static_type_label"": 1}",pending,False,not_established,False,/Users/lzh/Downloads/Log 研究/agentlog_unified/docs/observed_type_inventory_v044.csv,8d9bf1c59ece1c1c883218883da00cefafc301265c04c87a562863805a54fd2d
dataset_commit_changes,swe-chat,swechat-full-v5,observed_log_version_per_type_in_one_batch,incomplete_or_gaps,BIZ,message_content,业务聊天内容载体,0,False,{},pending,False,not_established,False,/Users/lzh/Downloads/Log 研究/agentlog_unified/docs/observed_type_inventory_v044.csv,8d9bf1c59ece1c1c883218883da00cefafc301265c04c87a562863805a54fd2d
dataset_commit_changes,swe-chat,swechat-full-v5,observed_log_version_per_type_in_one_batch,incomplete_or_gaps,BIZ,request_body,请求体载体,34,True,"{""static_type_label"": 34}",pending,False,not_established,False,/Users/lzh/Downloads/Log 研究/agentlog_unified/docs/observed_type_inventory_v044.csv,8d9bf1c59ece1c1c883218883da00cefafc301265c04c87a562863805a54fd2d
dataset_commit_changes,swe-chat,swechat-full-v5,observed_log_version_per_type_in_one_batch,incomplete_or_gaps,BIZ,response_body,响应体载体,56,True,"{""static_type_label"": 56}",pending,False,not_established,False,/Users/lzh/Downloads/Log 研究/agentlog_unified/docs/observed_type_inventory_v044.csv,8d9bf1c59ece1c1c883218883da00cefafc301265c04c87a562863805a54fd2d
dataset_commit_changes,swe-chat,swechat-full-v5,observed_log_version_per_type_in_one_batch,incomplete_or_gaps,BIZ,unclassified_content,细类待确定,3,True,"{""static_type_label"": 3}",pending,False,not_established,False,/Users/lzh/Downloads/Log 研究/agentlog_unified/docs/observed_type_inventory_v044.csv,8d9bf1c59ece1c1c883218883da00cefafc301265c04c87a562863805a54fd2d
dataset_commit_changes,swe-chat,swechat-full-v5,observed_log_version_per_type_in_one_batch,incomplete_or_gaps,BIZ,unclassified_object,细类待确定,57,True,"{""static_type_label"": 57}",pending,False,not_established,False,/Users/lzh/Downloads/Log 研究/agentlog_unified/docs/observed_type_inventory_v044.csv,8d9bf1c59ece1c1c883218883da00cefafc301265c04c87a562863805a54fd2d
dataset_commit_changes,swe-chat,swechat-full-v5,observed_log_version_per_type_in_one_batch,incomplete_or_gaps,CFG,database_connection,数据库连接,2,True,"{""static_type_label"": 2}",pending,False,not_established,False,/Users/lzh/Downloads/Log 研究/agentlog_unified/docs/observed_type_inventory_v044.csv,8d9bf1c59ece1c1c883218883da00cefafc301265c04c87a562863805a54fd2d
dataset_commit_changes,swe-chat,swechat-full-v5,observed_log_version_per_type_in_one_batch,incomplete_or_gaps,CFG,deployment_configuration,配置及部署载体,39,True,"{""static_type_label"": 39}",pending,False,not_established,False,/Users/lzh/Downloads/Log 研究/agentlog_unified/docs/observed_type_inventory_v044.csv,8d9bf1c59ece1c1c883218883da00cefafc301265c04c87a562863805a54fd2d
dataset_commit_changes,swe-chat,swechat-full-v5,observed_log_version_per_type_in_one_batch,incomplete_or_gaps,CFG,environment,环境变量载体,20,True,"{""static_type_label"": 20}",pending,False,not_established,False,/Users/lzh/Downloads/Log 研究/agentlog_unified/docs/observed_type_inventory_v044.csv,8d9bf1c59ece1c1c883218883da00cefafc301265c04c87a562863805a54fd2d
dataset_commit_changes,swe-chat,swechat-full-v5,observed_log_version_per_type_in_one_batch,incomplete_or_gaps,CFG,filesystem_path,内部文件路径,16,True,"{""static_type_label"": 16}",pending,False,not_established,False,/Users/lzh/Downloads/Log 研究/agentlog_unified/docs/observed_type_inventory_v044.csv,8d9bf1c59ece1c1c883218883da00cefafc301265c04c87a562863805a54fd2d
dataset_commit_changes,swe-chat,swechat-full-v5,observed_log_version_per_type_in_one_batch,incomplete_or_gaps,CFG,internal_endpoint,内部端点,0,False,{},pending,False,not_established,False,/Users/lzh/Downloads/Log 研究/agentlog_unified/docs/observed_type_inventory_v044.csv,8d9bf1c59ece1c1c883218883da00cefafc301265c04c87a562863805a54fd2d
dataset_commit_changes,swe-chat,swechat-full-v5,observed_log_version_per_type_in_one_batch,incomplete_or_gaps,CFG,unclassified_internal_resource,细类待确定,0,False,{},pending,False,not_established,False,/Users/lzh/Downloads/Log 研究/agentlog_unified/docs/observed_type_inventory_v044.csv,8d9bf1c59ece1c1c883218883da00cefafc301265c04c87a562863805a54fd2d
dataset_commit_changes,swe-chat,swechat-full-v5,observed_log_version_per_type_in_one_batch,incomplete_or_gaps,DIAG,exception_message,异常内容载体,648,True,"{""static_type_label"": 648}",pending,False,not_established,False,/Users/lzh/Downloads/Log 研究/agentlog_unified/docs/observed_type_inventory_v044.csv,8d9bf1c59ece1c1c883218883da00cefafc301265c04c87a562863805a54fd2d
dataset_commit_changes,swe-chat,swechat-full-v5,observed_log_version_per_type_in_one_batch,incomplete_or_gaps,DIAG,failure_response,失败响应载体,0,False,{},pending,False,not_established,False,/Users/lzh/Downloads/Log 研究/agentlog_unified/docs/observed_type_inventory_v044.csv,8d9bf1c59ece1c1c883218883da00cefafc301265c04c87a562863805a54fd2d
dataset_commit_changes,swe-chat,swechat-full-v5,observed_log_version_per_type_in_one_batch,incomplete_or_gaps,DIAG,stack_trace,堆栈载体,27,True,"{""static_type_label"": 27}",pending,False,not_established,False,/Users/lzh/Downloads/Log 研究/agentlog_unified/docs/observed_type_inventory_v044.csv,8d9bf1c59ece1c1c883218883da00cefafc301265c04c87a562863805a54fd2d
dataset_commit_changes,swe-chat,swechat-full-v5,observed_log_version_per_type_in_one_batch,incomplete_or_gaps,PII,biometric,生物特征,0,False,{},pending,False,not_established,False,/Users/lzh/Downloads/Log 研究/agentlog_unified/docs/observed_type_inventory_v044.csv,8d9bf1c59ece1c1c883218883da00cefafc301265c04c87a562863805a54fd2d
dataset_commit_changes,swe-chat,swechat-full-v5,observed_log_version_per_type_in_one_batch,incomplete_or_gaps,PII,email,邮箱,62,True,"{""static_type_label"": 62}",pending,False,not_established,False,/Users/lzh/Downloads/Log 研究/agentlog_unified/docs/observed_type_inventory_v044.csv,8d9bf1c59ece1c1c883218883da00cefafc301265c04c87a562863805a54fd2d
dataset_commit_changes,swe-chat,swechat-full-v5,observed_log_version_per_type_in_one_batch,incomplete_or_gaps,PII,financial,个人金融信息,0,False,{},pending,False,not_established,False,/Users/lzh/Downloads/Log 研究/agentlog_unified/docs/observed_type_inventory_v044.csv,8d9bf1c59ece1c1c883218883da00cefafc301265c04c87a562863805a54fd2d
dataset_commit_changes,swe-chat,swechat-full-v5,observed_log_version_per_type_in_one_batch,incomplete_or_gaps,PII,government_identifier,政府证件标识,0,False,{},pending,False,not_established,False,/Users/lzh/Downloads/Log 研究/agentlog_unified/docs/observed_type_inventory_v044.csv,8d9bf1c59ece1c1c883218883da00cefafc301265c04c87a562863805a54fd2d
dataset_commit_changes,swe-chat,swechat-full-v5,observed_log_version_per_type_in_one_batch,incomplete_or_gaps,PII,medical,医疗健康信息,0,False,{},pending,False,not_established,False,/Users/lzh/Downloads/Log 研究/agentlog_unified/docs/observed_type_inventory_v044.csv,8d9bf1c59ece1c1c883218883da00cefafc301265c04c87a562863805a54fd2d
dataset_commit_changes,swe-chat,swechat-full-v5,observed_log_version_per_type_in_one_batch,incomplete_or_gaps,PII,person_name,个人姓名,20,True,"{""static_type_label"": 20}",pending,False,not_established,False,/Users/lzh/Downloads/Log 研究/agentlog_unified/docs/observed_type_inventory_v044.csv,8d9bf1c59ece1c1c883218883da00cefafc301265c04c87a562863805a54fd2d
dataset_commit_changes,swe-chat,swechat-full-v5,observed_log_version_per_type_in_one_batch,incomplete_or_gaps,PII,phone,电话,0,False,{},pending,False,not_established,False,/Users/lzh/Downloads/Log 研究/agentlog_unified/docs/observed_type_inventory_v044.csv,8d9bf1c59ece1c1c883218883da00cefafc301265c04c87a562863805a54fd2d
dataset_commit_changes,swe-chat,swechat-full-v5,observed_log_version_per_type_in_one_batch,incomplete_or_gaps,PII,postal_address,通信地址,0,False,{},pending,False,not_established,False,/Users/lzh/Downloads/Log 研究/agentlog_unified/docs/observed_type_inventory_v044.csv,8d9bf1c59ece1c1c883218883da00cefafc301265c04c87a562863805a54fd2d
dataset_commit_changes,swe-chat,swechat-full-v5,observed_log_version_per_type_in_one_batch,incomplete_or_gaps,PII,precise_location,精确位置候选,0,False,{},pending,False,not_established,False,/Users/lzh/Downloads/Log 研究/agentlog_unified/docs/observed_type_inventory_v044.csv,8d9bf1c59ece1c1c883218883da00cefafc301265c04c87a562863805a54fd2d
dataset_commit_changes,swe-chat,swechat-full-v5,observed_log_version_per_type_in_one_batch,incomplete_or_gaps,PII,unspecified_personal_information,细类待确定,0,False,{},pending,False,not_established,False,/Users/lzh/Downloads/Log 研究/agentlog_unified/docs/observed_type_inventory_v044.csv,8d9bf1c59ece1c1c883218883da00cefafc301265c04c87a562863805a54fd2d
dataset_commit_changes,swe-chat,swechat-full-v5,observed_log_version_per_type_in_one_batch,incomplete_or_gaps,QID,device_identifier,设备标识,0,False,{},pending,False,not_established,False,/Users/lzh/Downloads/Log 研究/agentlog_unified/docs/observed_type_inventory_v044.csv,8d9bf1c59ece1c1c883218883da00cefafc301265c04c87a562863805a54fd2d
dataset_commit_changes,swe-chat,swechat-full-v5,observed_log_version_per_type_in_one_batch,incomplete_or_gaps,QID,network_identifier,网络关联标识,3,True,"{""static_type_label"": 3}",pending,False,not_established,False,/Users/lzh/Downloads/Log 研究/agentlog_unified/docs/observed_type_inventory_v044.csv,8d9bf1c59ece1c1c883218883da00cefafc301265c04c87a562863805a54fd2d
dataset_commit_changes,swe-chat,swechat-full-v5,observed_log_version_per_type_in_one_batch,incomplete_or_gaps,QID,request_identifier,请求关联标识,21,True,"{""static_type_label"": 21}",pending,False,not_established,False,/Users/lzh/Downloads/Log 研究/agentlog_unified/docs/observed_type_inventory_v044.csv,8d9bf1c59ece1c1c883218883da00cefafc301265c04c87a562863805a54fd2d
dataset_commit_changes,swe-chat,swechat-full-v5,observed_log_version_per_type_in_one_batch,incomplete_or_gaps,QID,session_identifier,会话标识,69,True,"{""static_type_label"": 69}",pending,False,not_established,False,/Users/lzh/Downloads/Log 研究/agentlog_unified/docs/observed_type_inventory_v044.csv,8d9bf1c59ece1c1c883218883da00cefafc301265c04c87a562863805a54fd2d
dataset_commit_changes,swe-chat,swechat-full-v5,observed_log_version_per_type_in_one_batch,incomplete_or_gaps,QID,tenant_identifier,租户标识,0,False,{},pending,False,not_established,False,/Users/lzh/Downloads/Log 研究/agentlog_unified/docs/observed_type_inventory_v044.csv,8d9bf1c59ece1c1c883218883da00cefafc301265c04c87a562863805a54fd2d
dataset_commit_changes,swe-chat,swechat-full-v5,observed_log_version_per_type_in_one_batch,incomplete_or_gaps,QID,transaction_identifier,业务关联标识,2,True,"{""static_type_label"": 2}",pending,False,not_established,False,/Users/lzh/Downloads/Log 研究/agentlog_unified/docs/observed_type_inventory_v044.csv,8d9bf1c59ece1c1c883218883da00cefafc301265c04c87a562863805a54fd2d
dataset_commit_changes,swe-chat,swechat-full-v5,observed_log_version_per_type_in_one_batch,incomplete_or_gaps,QID,unspecified_linkable_identifier,细类待确定,0,False,{},pending,False,not_established,False,/Users/lzh/Downloads/Log 研究/agentlog_unified/docs/observed_type_inventory_v044.csv,8d9bf1c59ece1c1c883218883da00cefafc301265c04c87a562863805a54fd2d
dataset_commit_changes,swe-chat,swechat-full-v5,observed_log_version_per_type_in_one_batch,incomplete_or_gaps,QID,user_identifier,用户或账户标识,82,True,"{""static_type_label"": 82}",pending,False,not_established,False,/Users/lzh/Downloads/Log 研究/agentlog_unified/docs/observed_type_inventory_v044.csv,8d9bf1c59ece1c1c883218883da00cefafc301265c04c87a562863805a54fd2d
dataset_commit_changes,aidev,aidev-anchors-v3,observed_log_version_per_type_in_one_batch,incomplete_or_gaps,AUTH,access_token,访问令牌,0,False,{},pending,False,not_established,False,/Users/lzh/Downloads/Log 研究/agentlog_unified/docs/observed_type_inventory_v044.csv,8d9bf1c59ece1c1c883218883da00cefafc301265c04c87a562863805a54fd2d
dataset_commit_changes,aidev,aidev-anchors-v3,observed_log_version_per_type_in_one_batch,incomplete_or_gaps,AUTH,api_key,服务密钥,0,False,{},pending,False,not_established,False,/Users/lzh/Downloads/Log 研究/agentlog_unified/docs/observed_type_inventory_v044.csv,8d9bf1c59ece1c1c883218883da00cefafc301265c04c87a562863805a54fd2d
dataset_commit_changes,aidev,aidev-anchors-v3,observed_log_version_per_type_in_one_batch,incomplete_or_gaps,AUTH,auth_cookie,认证 Cookie,0,False,{},pending,False,not_established,False,/Users/lzh/Downloads/Log 研究/agentlog_unified/docs/observed_type_inventory_v044.csv,8d9bf1c59ece1c1c883218883da00cefafc301265c04c87a562863805a54fd2d
dataset_commit_changes,aidev,aidev-anchors-v3,observed_log_version_per_type_in_one_batch,incomplete_or_gaps,AUTH,authorization_header,认证头,0,False,{},pending,False,not_established,False,/Users/lzh/Downloads/Log 研究/agentlog_unified/docs/observed_type_inventory_v044.csv,8d9bf1c59ece1c1c883218883da00cefafc301265c04c87a562863805a54fd2d
dataset_commit_changes,aidev,aidev-anchors-v3,observed_log_version_per_type_in_one_batch,incomplete_or_gaps,AUTH,credential_bundle,其他认证秘密或凭证对象,0,False,{},pending,False,not_established,False,/Users/lzh/Downloads/Log 研究/agentlog_unified/docs/observed_type_inventory_v044.csv,8d9bf1c59ece1c1c883218883da00cefafc301265c04c87a562863805a54fd2d
dataset_commit_changes,aidev,aidev-anchors-v3,observed_log_version_per_type_in_one_batch,incomplete_or_gaps,AUTH,password,密码,0,False,{},pending,False,not_established,False,/Users/lzh/Downloads/Log 研究/agentlog_unified/docs/observed_type_inventory_v044.csv,8d9bf1c59ece1c1c883218883da00cefafc301265c04c87a562863805a54fd2d
dataset_commit_changes,aidev,aidev-anchors-v3,observed_log_version_per_type_in_one_batch,incomplete_or_gaps,AUTH,private_key,私钥,0,False,{},pending,False,not_established,False,/Users/lzh/Downloads/Log 研究/agentlog_unified/docs/observed_type_inventory_v044.csv,8d9bf1c59ece1c1c883218883da00cefafc301265c04c87a562863805a54fd2d
dataset_commit_changes,aidev,aidev-anchors-v3,observed_log_version_per_type_in_one_batch,incomplete_or_gaps,BIZ,business_object,业务对象载体,0,False,{},pending,False,not_established,False,/Users/lzh/Downloads/Log 研究/agentlog_unified/docs/observed_type_inventory_v044.csv,8d9bf1c59ece1c1c883218883da00cefafc301265c04c87a562863805a54fd2d
dataset_commit_changes,aidev,aidev-anchors-v3,observed_log_version_per_type_in_one_batch,incomplete_or_gaps,BIZ,document_content,文档及内容载体,0,False,{},pending,False,not_established,False,/Users/lzh/Downloads/Log 研究/agentlog_unified/docs/observed_type_inventory_v044.csv,8d9bf1c59ece1c1c883218883da00cefafc301265c04c87a562863805a54fd2d
dataset_commit_changes,aidev,aidev-anchors-v3,observed_log_version_per_type_in_one_batch,incomplete_or_gaps,BIZ,http_headers,请求响应头载体,0,False,{},pending,False,not_established,False,/Users/lzh/Downloads/Log 研究/agentlog_unified/docs/observed_type_inventory_v044.csv,8d9bf1c59ece1c1c883218883da00cefafc301265c04c87a562863805a54fd2d
dataset_commit_changes,aidev,aidev-anchors-v3,observed_log_version_per_type_in_one_batch,incomplete_or_gaps,BIZ,message_content,业务聊天内容载体,0,False,{},pending,False,not_established,False,/Users/lzh/Downloads/Log 研究/agentlog_unified/docs/observed_type_inventory_v044.csv,8d9bf1c59ece1c1c883218883da00cefafc301265c04c87a562863805a54fd2d
dataset_commit_changes,aidev,aidev-anchors-v3,observed_log_version_per_type_in_one_batch,incomplete_or_gaps,BIZ,request_body,请求体载体,0,False,{},pending,False,not_established,False,/Users/lzh/Downloads/Log 研究/agentlog_unified/docs/observed_type_inventory_v044.csv,8d9bf1c59ece1c1c883218883da00cefafc301265c04c87a562863805a54fd2d
dataset_commit_changes,aidev,aidev-anchors-v3,observed_log_version_per_type_in_one_batch,incomplete_or_gaps,BIZ,response_body,响应体载体,2,True,"{""static_type_label"": 2}",pending,False,not_established,False,/Users/lzh/Downloads/Log 研究/agentlog_unified/docs/observed_type_inventory_v044.csv,8d9bf1c59ece1c1c883218883da00cefafc301265c04c87a562863805a54fd2d
dataset_commit_changes,aidev,aidev-anchors-v3,observed_log_version_per_type_in_one_batch,incomplete_or_gaps,BIZ,unclassified_content,细类待确定,0,False,{},pending,False,not_established,False,/Users/lzh/Downloads/Log 研究/agentlog_unified/docs/observed_type_inventory_v044.csv,8d9bf1c59ece1c1c883218883da00cefafc301265c04c87a562863805a54fd2d
dataset_commit_changes,aidev,aidev-anchors-v3,observed_log_version_per_type_in_one_batch,incomplete_or_gaps,BIZ,unclassified_object,细类待确定,0,False,{},pending,False,not_established,False,/Users/lzh/Downloads/Log 研究/agentlog_unified/docs/observed_type_inventory_v044.csv,8d9bf1c59ece1c1c883218883da00cefafc301265c04c87a562863805a54fd2d
dataset_commit_changes,aidev,aidev-anchors-v3,observed_log_version_per_type_in_one_batch,incomplete_or_gaps,CFG,database_connection,数据库连接,0,False,{},pending,False,not_established,False,/Users/lzh/Downloads/Log 研究/agentlog_unified/docs/observed_type_inventory_v044.csv,8d9bf1c59ece1c1c883218883da00cefafc301265c04c87a562863805a54fd2d
dataset_commit_changes,aidev,aidev-anchors-v3,observed_log_version_per_type_in_one_batch,incomplete_or_gaps,CFG,deployment_configuration,配置及部署载体,0,False,{},pending,False,not_established,False,/Users/lzh/Downloads/Log 研究/agentlog_unified/docs/observed_type_inventory_v044.csv,8d9bf1c59ece1c1c883218883da00cefafc301265c04c87a562863805a54fd2d
dataset_commit_changes,aidev,aidev-anchors-v3,observed_log_version_per_type_in_one_batch,incomplete_or_gaps,CFG,environment,环境变量载体,0,False,{},pending,False,not_established,False,/Users/lzh/Downloads/Log 研究/agentlog_unified/docs/observed_type_inventory_v044.csv,8d9bf1c59ece1c1c883218883da00cefafc301265c04c87a562863805a54fd2d
dataset_commit_changes,aidev,aidev-anchors-v3,observed_log_version_per_type_in_one_batch,incomplete_or_gaps,CFG,filesystem_path,内部文件路径,0,False,{},pending,False,not_established,False,/Users/lzh/Downloads/Log 研究/agentlog_unified/docs/observed_type_inventory_v044.csv,8d9bf1c59ece1c1c883218883da00cefafc301265c04c87a562863805a54fd2d
dataset_commit_changes,aidev,aidev-anchors-v3,observed_log_version_per_type_in_one_batch,incomplete_or_gaps,CFG,internal_endpoint,内部端点,0,False,{},pending,False,not_established,False,/Users/lzh/Downloads/Log 研究/agentlog_unified/docs/observed_type_inventory_v044.csv,8d9bf1c59ece1c1c883218883da00cefafc301265c04c87a562863805a54fd2d
dataset_commit_changes,aidev,aidev-anchors-v3,observed_log_version_per_type_in_one_batch,incomplete_or_gaps,CFG,unclassified_internal_resource,细类待确定,0,False,{},pending,False,not_established,False,/Users/lzh/Downloads/Log 研究/agentlog_unified/docs/observed_type_inventory_v044.csv,8d9bf1c59ece1c1c883218883da00cefafc301265c04c87a562863805a54fd2d
dataset_commit_changes,aidev,aidev-anchors-v3,observed_log_version_per_type_in_one_batch,incomplete_or_gaps,DIAG,exception_message,异常内容载体,47,True,"{""static_type_label"": 47}",pending,False,not_established,False,/Users/lzh/Downloads/Log 研究/agentlog_unified/docs/observed_type_inventory_v044.csv,8d9bf1c59ece1c1c883218883da00cefafc301265c04c87a562863805a54fd2d
dataset_commit_changes,aidev,aidev-anchors-v3,observed_log_version_per_type_in_one_batch,incomplete_or_gaps,DIAG,failure_response,失败响应载体,0,False,{},pending,False,not_established,False,/Users/lzh/Downloads/Log 研究/agentlog_unified/docs/observed_type_inventory_v044.csv,8d9bf1c59ece1c1c883218883da00cefafc301265c04c87a562863805a54fd2d
dataset_commit_changes,aidev,aidev-anchors-v3,observed_log_version_per_type_in_one_batch,incomplete_or_gaps,DIAG,stack_trace,堆栈载体,0,False,{},pending,False,not_established,False,/Users/lzh/Downloads/Log 研究/agentlog_unified/docs/observed_type_inventory_v044.csv,8d9bf1c59ece1c1c883218883da00cefafc301265c04c87a562863805a54fd2d
dataset_commit_changes,aidev,aidev-anchors-v3,observed_log_version_per_type_in_one_batch,incomplete_or_gaps,PII,biometric,生物特征,0,False,{},pending,False,not_established,False,/Users/lzh/Downloads/Log 研究/agentlog_unified/docs/observed_type_inventory_v044.csv,8d9bf1c59ece1c1c883218883da00cefafc301265c04c87a562863805a54fd2d
dataset_commit_changes,aidev,aidev-anchors-v3,observed_log_version_per_type_in_one_batch,incomplete_or_gaps,PII,email,邮箱,0,False,{},pending,False,not_established,False,/Users/lzh/Downloads/Log 研究/agentlog_unified/docs/observed_type_inventory_v044.csv,8d9bf1c59ece1c1c883218883da00cefafc301265c04c87a562863805a54fd2d
dataset_commit_changes,aidev,aidev-anchors-v3,observed_log_version_per_type_in_one_batch,incomplete_or_gaps,PII,financial,个人金融信息,0,False,{},pending,False,not_established,False,/Users/lzh/Downloads/Log 研究/agentlog_unified/docs/observed_type_inventory_v044.csv,8d9bf1c59ece1c1c883218883da00cefafc301265c04c87a562863805a54fd2d
dataset_commit_changes,aidev,aidev-anchors-v3,observed_log_version_per_type_in_one_batch,incomplete_or_gaps,PII,government_identifier,政府证件标识,0,False,{},pending,False,not_established,False,/Users/lzh/Downloads/Log 研究/agentlog_unified/docs/observed_type_inventory_v044.csv,8d9bf1c59ece1c1c883218883da00cefafc301265c04c87a562863805a54fd2d
dataset_commit_changes,aidev,aidev-anchors-v3,observed_log_version_per_type_in_one_batch,incomplete_or_gaps,PII,medical,医疗健康信息,0,False,{},pending,False,not_established,False,/Users/lzh/Downloads/Log 研究/agentlog_unified/docs/observed_type_inventory_v044.csv,8d9bf1c59ece1c1c883218883da00cefafc301265c04c87a562863805a54fd2d
dataset_commit_changes,aidev,aidev-anchors-v3,observed_log_version_per_type_in_one_batch,incomplete_or_gaps,PII,person_name,个人姓名,0,False,{},pending,False,not_established,False,/Users/lzh/Downloads/Log 研究/agentlog_unified/docs/observed_type_inventory_v044.csv,8d9bf1c59ece1c1c883218883da00cefafc301265c04c87a562863805a54fd2d
dataset_commit_changes,aidev,aidev-anchors-v3,observed_log_version_per_type_in_one_batch,incomplete_or_gaps,PII,phone,电话,0,False,{},pending,False,not_established,False,/Users/lzh/Downloads/Log 研究/agentlog_unified/docs/observed_type_inventory_v044.csv,8d9bf1c59ece1c1c883218883da00cefafc301265c04c87a562863805a54fd2d
dataset_commit_changes,aidev,aidev-anchors-v3,observed_log_version_per_type_in_one_batch,incomplete_or_gaps,PII,postal_address,通信地址,0,False,{},pending,False,not_established,False,/Users/lzh/Downloads/Log 研究/agentlog_unified/docs/observed_type_inventory_v044.csv,8d9bf1c59ece1c1c883218883da00cefafc301265c04c87a562863805a54fd2d
dataset_commit_changes,aidev,aidev-anchors-v3,observed_log_version_per_type_in_one_batch,incomplete_or_gaps,PII,precise_location,精确位置候选,0,False,{},pending,False,not_established,False,/Users/lzh/Downloads/Log 研究/agentlog_unified/docs/observed_type_inventory_v044.csv,8d9bf1c59ece1c1c883218883da00cefafc301265c04c87a562863805a54fd2d
dataset_commit_changes,aidev,aidev-anchors-v3,observed_log_version_per_type_in_one_batch,incomplete_or_gaps,PII,unspecified_personal_information,细类待确定,0,False,{},pending,False,not_established,False,/Users/lzh/Downloads/Log 研究/agentlog_unified/docs/observed_type_inventory_v044.csv,8d9bf1c59ece1c1c883218883da00cefafc301265c04c87a562863805a54fd2d
dataset_commit_changes,aidev,aidev-anchors-v3,observed_log_version_per_type_in_one_batch,incomplete_or_gaps,QID,device_identifier,设备标识,0,False,{},pending,False,not_established,False,/Users/lzh/Downloads/Log 研究/agentlog_unified/docs/observed_type_inventory_v044.csv,8d9bf1c59ece1c1c883218883da00cefafc301265c04c87a562863805a54fd2d
dataset_commit_changes,aidev,aidev-anchors-v3,observed_log_version_per_type_in_one_batch,incomplete_or_gaps,QID,network_identifier,网络关联标识,4,True,"{""static_type_label"": 4}",pending,False,not_established,False,/Users/lzh/Downloads/Log 研究/agentlog_unified/docs/observed_type_inventory_v044.csv,8d9bf1c59ece1c1c883218883da00cefafc301265c04c87a562863805a54fd2d
dataset_commit_changes,aidev,aidev-anchors-v3,observed_log_version_per_type_in_one_batch,incomplete_or_gaps,QID,request_identifier,请求关联标识,0,False,{},pending,False,not_established,False,/Users/lzh/Downloads/Log 研究/agentlog_unified/docs/observed_type_inventory_v044.csv,8d9bf1c59ece1c1c883218883da00cefafc301265c04c87a562863805a54fd2d
dataset_commit_changes,aidev,aidev-anchors-v3,observed_log_version_per_type_in_one_batch,incomplete_or_gaps,QID,session_identifier,会话标识,0,False,{},pending,False,not_established,False,/Users/lzh/Downloads/Log 研究/agentlog_unified/docs/observed_type_inventory_v044.csv,8d9bf1c59ece1c1c883218883da00cefafc301265c04c87a562863805a54fd2d
dataset_commit_changes,aidev,aidev-anchors-v3,observed_log_version_per_type_in_one_batch,incomplete_or_gaps,QID,tenant_identifier,租户标识,0,False,{},pending,False,not_established,False,/Users/lzh/Downloads/Log 研究/agentlog_unified/docs/observed_type_inventory_v044.csv,8d9bf1c59ece1c1c883218883da00cefafc301265c04c87a562863805a54fd2d
dataset_commit_changes,aidev,aidev-anchors-v3,observed_log_version_per_type_in_one_batch,incomplete_or_gaps,QID,transaction_identifier,业务关联标识,0,False,{},pending,False,not_established,False,/Users/lzh/Downloads/Log 研究/agentlog_unified/docs/observed_type_inventory_v044.csv,8d9bf1c59ece1c1c883218883da00cefafc301265c04c87a562863805a54fd2d
dataset_commit_changes,aidev,aidev-anchors-v3,observed_log_version_per_type_in_one_batch,incomplete_or_gaps,QID,unspecified_linkable_identifier,细类待确定,0,False,{},pending,False,not_established,False,/Users/lzh/Downloads/Log 研究/agentlog_unified/docs/observed_type_inventory_v044.csv,8d9bf1c59ece1c1c883218883da00cefafc301265c04c87a562863805a54fd2d
dataset_commit_changes,aidev,aidev-anchors-v3,observed_log_version_per_type_in_one_batch,incomplete_or_gaps,QID,user_identifier,用户或账户标识,0,False,{},pending,False,not_established,False,/Users/lzh/Downloads/Log 研究/agentlog_unified/docs/observed_type_inventory_v044.csv,8d9bf1c59ece1c1c883218883da00cefafc301265c04c87a562863805a54fd2d
dataset_commit_changes,aidev,aidev-prior-cache-v042,observed_log_version_per_type_in_one_batch,incomplete_or_gaps,AUTH,access_token,访问令牌,0,False,{},pending,False,not_established,False,/Users/lzh/Downloads/Log 研究/agentlog_unified/docs/observed_type_inventory_v044.csv,8d9bf1c59ece1c1c883218883da00cefafc301265c04c87a562863805a54fd2d
dataset_commit_changes,aidev,aidev-prior-cache-v042,observed_log_version_per_type_in_one_batch,incomplete_or_gaps,AUTH,api_key,服务密钥,0,False,{},pending,False,not_established,False,/Users/lzh/Downloads/Log 研究/agentlog_unified/docs/observed_type_inventory_v044.csv,8d9bf1c59ece1c1c883218883da00cefafc301265c04c87a562863805a54fd2d
dataset_commit_changes,aidev,aidev-prior-cache-v042,observed_log_version_per_type_in_one_batch,incomplete_or_gaps,AUTH,auth_cookie,认证 Cookie,0,False,{},pending,False,not_established,False,/Users/lzh/Downloads/Log 研究/agentlog_unified/docs/observed_type_inventory_v044.csv,8d9bf1c59ece1c1c883218883da00cefafc301265c04c87a562863805a54fd2d
dataset_commit_changes,aidev,aidev-prior-cache-v042,observed_log_version_per_type_in_one_batch,incomplete_or_gaps,AUTH,authorization_header,认证头,0,False,{},pending,False,not_established,False,/Users/lzh/Downloads/Log 研究/agentlog_unified/docs/observed_type_inventory_v044.csv,8d9bf1c59ece1c1c883218883da00cefafc301265c04c87a562863805a54fd2d
dataset_commit_changes,aidev,aidev-prior-cache-v042,observed_log_version_per_type_in_one_batch,incomplete_or_gaps,AUTH,credential_bundle,其他认证秘密或凭证对象,0,False,{},pending,False,not_established,False,/Users/lzh/Downloads/Log 研究/agentlog_unified/docs/observed_type_inventory_v044.csv,8d9bf1c59ece1c1c883218883da00cefafc301265c04c87a562863805a54fd2d
dataset_commit_changes,aidev,aidev-prior-cache-v042,observed_log_version_per_type_in_one_batch,incomplete_or_gaps,AUTH,password,密码,0,False,{},pending,False,not_established,False,/Users/lzh/Downloads/Log 研究/agentlog_unified/docs/observed_type_inventory_v044.csv,8d9bf1c59ece1c1c883218883da00cefafc301265c04c87a562863805a54fd2d
dataset_commit_changes,aidev,aidev-prior-cache-v042,observed_log_version_per_type_in_one_batch,incomplete_or_gaps,AUTH,private_key,私钥,0,False,{},pending,False,not_established,False,/Users/lzh/Downloads/Log 研究/agentlog_unified/docs/observed_type_inventory_v044.csv,8d9bf1c59ece1c1c883218883da00cefafc301265c04c87a562863805a54fd2d
dataset_commit_changes,aidev,aidev-prior-cache-v042,observed_log_version_per_type_in_one_batch,incomplete_or_gaps,BIZ,business_object,业务对象载体,0,False,{},pending,False,not_established,False,/Users/lzh/Downloads/Log 研究/agentlog_unified/docs/observed_type_inventory_v044.csv,8d9bf1c59ece1c1c883218883da00cefafc301265c04c87a562863805a54fd2d
dataset_commit_changes,aidev,aidev-prior-cache-v042,observed_log_version_per_type_in_one_batch,incomplete_or_gaps,BIZ,document_content,文档及内容载体,0,False,{},pending,False,not_established,False,/Users/lzh/Downloads/Log 研究/agentlog_unified/docs/observed_type_inventory_v044.csv,8d9bf1c59ece1c1c883218883da00cefafc301265c04c87a562863805a54fd2d
dataset_commit_changes,aidev,aidev-prior-cache-v042,observed_log_version_per_type_in_one_batch,incomplete_or_gaps,BIZ,http_headers,请求响应头载体,0,False,{},pending,False,not_established,False,/Users/lzh/Downloads/Log 研究/agentlog_unified/docs/observed_type_inventory_v044.csv,8d9bf1c59ece1c1c883218883da00cefafc301265c04c87a562863805a54fd2d
dataset_commit_changes,aidev,aidev-prior-cache-v042,observed_log_version_per_type_in_one_batch,incomplete_or_gaps,BIZ,message_content,业务聊天内容载体,0,False,{},pending,False,not_established,False,/Users/lzh/Downloads/Log 研究/agentlog_unified/docs/observed_type_inventory_v044.csv,8d9bf1c59ece1c1c883218883da00cefafc301265c04c87a562863805a54fd2d
dataset_commit_changes,aidev,aidev-prior-cache-v042,observed_log_version_per_type_in_one_batch,incomplete_or_gaps,BIZ,request_body,请求体载体,0,False,{},pending,False,not_established,False,/Users/lzh/Downloads/Log 研究/agentlog_unified/docs/observed_type_inventory_v044.csv,8d9bf1c59ece1c1c883218883da00cefafc301265c04c87a562863805a54fd2d
dataset_commit_changes,aidev,aidev-prior-cache-v042,observed_log_version_per_type_in_one_batch,incomplete_or_gaps,BIZ,response_body,响应体载体,0,False,{},pending,False,not_established,False,/Users/lzh/Downloads/Log 研究/agentlog_unified/docs/observed_type_inventory_v044.csv,8d9bf1c59ece1c1c883218883da00cefafc301265c04c87a562863805a54fd2d
dataset_commit_changes,aidev,aidev-prior-cache-v042,observed_log_version_per_type_in_one_batch,incomplete_or_gaps,BIZ,unclassified_content,细类待确定,0,False,{},pending,False,not_established,False,/Users/lzh/Downloads/Log 研究/agentlog_unified/docs/observed_type_inventory_v044.csv,8d9bf1c59ece1c1c883218883da00cefafc301265c04c87a562863805a54fd2d
dataset_commit_changes,aidev,aidev-prior-cache-v042,observed_log_version_per_type_in_one_batch,incomplete_or_gaps,BIZ,unclassified_object,细类待确定,0,False,{},pending,False,not_established,False,/Users/lzh/Downloads/Log 研究/agentlog_unified/docs/observed_type_inventory_v044.csv,8d9bf1c59ece1c1c883218883da00cefafc301265c04c87a562863805a54fd2d
dataset_commit_changes,aidev,aidev-prior-cache-v042,observed_log_version_per_type_in_one_batch,incomplete_or_gaps,CFG,database_connection,数据库连接,0,False,{},pending,False,not_established,False,/Users/lzh/Downloads/Log 研究/agentlog_unified/docs/observed_type_inventory_v044.csv,8d9bf1c59ece1c1c883218883da00cefafc301265c04c87a562863805a54fd2d
dataset_commit_changes,aidev,aidev-prior-cache-v042,observed_log_version_per_type_in_one_batch,incomplete_or_gaps,CFG,deployment_configuration,配置及部署载体,0,False,{},pending,False,not_established,False,/Users/lzh/Downloads/Log 研究/agentlog_unified/docs/observed_type_inventory_v044.csv,8d9bf1c59ece1c1c883218883da00cefafc301265c04c87a562863805a54fd2d
dataset_commit_changes,aidev,aidev-prior-cache-v042,observed_log_version_per_type_in_one_batch,incomplete_or_gaps,CFG,environment,环境变量载体,0,False,{},pending,False,not_established,False,/Users/lzh/Downloads/Log 研究/agentlog_unified/docs/observed_type_inventory_v044.csv,8d9bf1c59ece1c1c883218883da00cefafc301265c04c87a562863805a54fd2d
dataset_commit_changes,aidev,aidev-prior-cache-v042,observed_log_version_per_type_in_one_batch,incomplete_or_gaps,CFG,filesystem_path,内部文件路径,0,False,{},pending,False,not_established,False,/Users/lzh/Downloads/Log 研究/agentlog_unified/docs/observed_type_inventory_v044.csv,8d9bf1c59ece1c1c883218883da00cefafc301265c04c87a562863805a54fd2d
dataset_commit_changes,aidev,aidev-prior-cache-v042,observed_log_version_per_type_in_one_batch,incomplete_or_gaps,CFG,internal_endpoint,内部端点,0,False,{},pending,False,not_established,False,/Users/lzh/Downloads/Log 研究/agentlog_unified/docs/observed_type_inventory_v044.csv,8d9bf1c59ece1c1c883218883da00cefafc301265c04c87a562863805a54fd2d
dataset_commit_changes,aidev,aidev-prior-cache-v042,observed_log_version_per_type_in_one_batch,incomplete_or_gaps,CFG,unclassified_internal_resource,细类待确定,0,False,{},pending,False,not_established,False,/Users/lzh/Downloads/Log 研究/agentlog_unified/docs/observed_type_inventory_v044.csv,8d9bf1c59ece1c1c883218883da00cefafc301265c04c87a562863805a54fd2d
dataset_commit_changes,aidev,aidev-prior-cache-v042,observed_log_version_per_type_in_one_batch,incomplete_or_gaps,DIAG,exception_message,异常内容载体,0,False,{},pending,False,not_established,False,/Users/lzh/Downloads/Log 研究/agentlog_unified/docs/observed_type_inventory_v044.csv,8d9bf1c59ece1c1c883218883da00cefafc301265c04c87a562863805a54fd2d
dataset_commit_changes,aidev,aidev-prior-cache-v042,observed_log_version_per_type_in_one_batch,incomplete_or_gaps,DIAG,failure_response,失败响应载体,0,False,{},pending,False,not_established,False,/Users/lzh/Downloads/Log 研究/agentlog_unified/docs/observed_type_inventory_v044.csv,8d9bf1c59ece1c1c883218883da00cefafc301265c04c87a562863805a54fd2d
dataset_commit_changes,aidev,aidev-prior-cache-v042,observed_log_version_per_type_in_one_batch,incomplete_or_gaps,DIAG,stack_trace,堆栈载体,0,False,{},pending,False,not_established,False,/Users/lzh/Downloads/Log 研究/agentlog_unified/docs/observed_type_inventory_v044.csv,8d9bf1c59ece1c1c883218883da00cefafc301265c04c87a562863805a54fd2d
dataset_commit_changes,aidev,aidev-prior-cache-v042,observed_log_version_per_type_in_one_batch,incomplete_or_gaps,PII,biometric,生物特征,0,False,{},pending,False,not_established,False,/Users/lzh/Downloads/Log 研究/agentlog_unified/docs/observed_type_inventory_v044.csv,8d9bf1c59ece1c1c883218883da00cefafc301265c04c87a562863805a54fd2d
dataset_commit_changes,aidev,aidev-prior-cache-v042,observed_log_version_per_type_in_one_batch,incomplete_or_gaps,PII,email,邮箱,0,False,{},pending,False,not_established,False,/Users/lzh/Downloads/Log 研究/agentlog_unified/docs/observed_type_inventory_v044.csv,8d9bf1c59ece1c1c883218883da00cefafc301265c04c87a562863805a54fd2d
dataset_commit_changes,aidev,aidev-prior-cache-v042,observed_log_version_per_type_in_one_batch,incomplete_or_gaps,PII,financial,个人金融信息,0,False,{},pending,False,not_established,False,/Users/lzh/Downloads/Log 研究/agentlog_unified/docs/observed_type_inventory_v044.csv,8d9bf1c59ece1c1c883218883da00cefafc301265c04c87a562863805a54fd2d
dataset_commit_changes,aidev,aidev-prior-cache-v042,observed_log_version_per_type_in_one_batch,incomplete_or_gaps,PII,government_identifier,政府证件标识,0,False,{},pending,False,not_established,False,/Users/lzh/Downloads/Log 研究/agentlog_unified/docs/observed_type_inventory_v044.csv,8d9bf1c59ece1c1c883218883da00cefafc301265c04c87a562863805a54fd2d
dataset_commit_changes,aidev,aidev-prior-cache-v042,observed_log_version_per_type_in_one_batch,incomplete_or_gaps,PII,medical,医疗健康信息,0,False,{},pending,False,not_established,False,/Users/lzh/Downloads/Log 研究/agentlog_unified/docs/observed_type_inventory_v044.csv,8d9bf1c59ece1c1c883218883da00cefafc301265c04c87a562863805a54fd2d
dataset_commit_changes,aidev,aidev-prior-cache-v042,observed_log_version_per_type_in_one_batch,incomplete_or_gaps,PII,person_name,个人姓名,0,False,{},pending,False,not_established,False,/Users/lzh/Downloads/Log 研究/agentlog_unified/docs/observed_type_inventory_v044.csv,8d9bf1c59ece1c1c883218883da00cefafc301265c04c87a562863805a54fd2d
dataset_commit_changes,aidev,aidev-prior-cache-v042,observed_log_version_per_type_in_one_batch,incomplete_or_gaps,PII,phone,电话,0,False,{},pending,False,not_established,False,/Users/lzh/Downloads/Log 研究/agentlog_unified/docs/observed_type_inventory_v044.csv,8d9bf1c59ece1c1c883218883da00cefafc301265c04c87a562863805a54fd2d
dataset_commit_changes,aidev,aidev-prior-cache-v042,observed_log_version_per_type_in_one_batch,incomplete_or_gaps,PII,postal_address,通信地址,0,False,{},pending,False,not_established,False,/Users/lzh/Downloads/Log 研究/agentlog_unified/docs/observed_type_inventory_v044.csv,8d9bf1c59ece1c1c883218883da00cefafc301265c04c87a562863805a54fd2d
dataset_commit_changes,aidev,aidev-prior-cache-v042,observed_log_version_per_type_in_one_batch,incomplete_or_gaps,PII,precise_location,精确位置候选,0,False,{},pending,False,not_established,False,/Users/lzh/Downloads/Log 研究/agentlog_unified/docs/observed_type_inventory_v044.csv,8d9bf1c59ece1c1c883218883da00cefafc301265c04c87a562863805a54fd2d
dataset_commit_changes,aidev,aidev-prior-cache-v042,observed_log_version_per_type_in_one_batch,incomplete_or_gaps,PII,unspecified_personal_information,细类待确定,0,False,{},pending,False,not_established,False,/Users/lzh/Downloads/Log 研究/agentlog_unified/docs/observed_type_inventory_v044.csv,8d9bf1c59ece1c1c883218883da00cefafc301265c04c87a562863805a54fd2d
dataset_commit_changes,aidev,aidev-prior-cache-v042,observed_log_version_per_type_in_one_batch,incomplete_or_gaps,QID,device_identifier,设备标识,0,False,{},pending,False,not_established,False,/Users/lzh/Downloads/Log 研究/agentlog_unified/docs/observed_type_inventory_v044.csv,8d9bf1c59ece1c1c883218883da00cefafc301265c04c87a562863805a54fd2d
dataset_commit_changes,aidev,aidev-prior-cache-v042,observed_log_version_per_type_in_one_batch,incomplete_or_gaps,QID,network_identifier,网络关联标识,0,False,{},pending,False,not_established,False,/Users/lzh/Downloads/Log 研究/agentlog_unified/docs/observed_type_inventory_v044.csv,8d9bf1c59ece1c1c883218883da00cefafc301265c04c87a562863805a54fd2d
dataset_commit_changes,aidev,aidev-prior-cache-v042,observed_log_version_per_type_in_one_batch,incomplete_or_gaps,QID,request_identifier,请求关联标识,0,False,{},pending,False,not_established,False,/Users/lzh/Downloads/Log 研究/agentlog_unified/docs/observed_type_inventory_v044.csv,8d9bf1c59ece1c1c883218883da00cefafc301265c04c87a562863805a54fd2d
dataset_commit_changes,aidev,aidev-prior-cache-v042,observed_log_version_per_type_in_one_batch,incomplete_or_gaps,QID,session_identifier,会话标识,0,False,{},pending,False,not_established,False,/Users/lzh/Downloads/Log 研究/agentlog_unified/docs/observed_type_inventory_v044.csv,8d9bf1c59ece1c1c883218883da00cefafc301265c04c87a562863805a54fd2d
dataset_commit_changes,aidev,aidev-prior-cache-v042,observed_log_version_per_type_in_one_batch,incomplete_or_gaps,QID,tenant_identifier,租户标识,0,False,{},pending,False,not_established,False,/Users/lzh/Downloads/Log 研究/agentlog_unified/docs/observed_type_inventory_v044.csv,8d9bf1c59ece1c1c883218883da00cefafc301265c04c87a562863805a54fd2d
dataset_commit_changes,aidev,aidev-prior-cache-v042,observed_log_version_per_type_in_one_batch,incomplete_or_gaps,QID,transaction_identifier,业务关联标识,0,False,{},pending,False,not_established,False,/Users/lzh/Downloads/Log 研究/agentlog_unified/docs/observed_type_inventory_v044.csv,8d9bf1c59ece1c1c883218883da00cefafc301265c04c87a562863805a54fd2d
dataset_commit_changes,aidev,aidev-prior-cache-v042,observed_log_version_per_type_in_one_batch,incomplete_or_gaps,QID,unspecified_linkable_identifier,细类待确定,0,False,{},pending,False,not_established,False,/Users/lzh/Downloads/Log 研究/agentlog_unified/docs/observed_type_inventory_v044.csv,8d9bf1c59ece1c1c883218883da00cefafc301265c04c87a562863805a54fd2d
dataset_commit_changes,aidev,aidev-prior-cache-v042,observed_log_version_per_type_in_one_batch,incomplete_or_gaps,QID,user_identifier,用户或账户标识,0,False,{},pending,False,not_established,False,/Users/lzh/Downloads/Log 研究/agentlog_unified/docs/observed_type_inventory_v044.csv,8d9bf1c59ece1c1c883218883da00cefafc301265c04c87a562863805a54fd2d
dataset_commit_changes,aidev,aidev-expansion-v043-final,observed_log_version_per_type_in_one_batch,incomplete_or_gaps,AUTH,access_token,访问令牌,0,False,{},pending,False,not_established,False,/Users/lzh/Downloads/Log 研究/agentlog_unified/docs/observed_type_inventory_v044.csv,8d9bf1c59ece1c1c883218883da00cefafc301265c04c87a562863805a54fd2d
dataset_commit_changes,aidev,aidev-expansion-v043-final,observed_log_version_per_type_in_one_batch,incomplete_or_gaps,AUTH,api_key,服务密钥,0,False,{},pending,False,not_established,False,/Users/lzh/Downloads/Log 研究/agentlog_unified/docs/observed_type_inventory_v044.csv,8d9bf1c59ece1c1c883218883da00cefafc301265c04c87a562863805a54fd2d
dataset_commit_changes,aidev,aidev-expansion-v043-final,observed_log_version_per_type_in_one_batch,incomplete_or_gaps,AUTH,auth_cookie,认证 Cookie,0,False,{},pending,False,not_established,False,/Users/lzh/Downloads/Log 研究/agentlog_unified/docs/observed_type_inventory_v044.csv,8d9bf1c59ece1c1c883218883da00cefafc301265c04c87a562863805a54fd2d
dataset_commit_changes,aidev,aidev-expansion-v043-final,observed_log_version_per_type_in_one_batch,incomplete_or_gaps,AUTH,authorization_header,认证头,0,False,{},pending,False,not_established,False,/Users/lzh/Downloads/Log 研究/agentlog_unified/docs/observed_type_inventory_v044.csv,8d9bf1c59ece1c1c883218883da00cefafc301265c04c87a562863805a54fd2d
dataset_commit_changes,aidev,aidev-expansion-v043-final,observed_log_version_per_type_in_one_batch,incomplete_or_gaps,AUTH,credential_bundle,其他认证秘密或凭证对象,0,False,{},pending,False,not_established,False,/Users/lzh/Downloads/Log 研究/agentlog_unified/docs/observed_type_inventory_v044.csv,8d9bf1c59ece1c1c883218883da00cefafc301265c04c87a562863805a54fd2d
dataset_commit_changes,aidev,aidev-expansion-v043-final,observed_log_version_per_type_in_one_batch,incomplete_or_gaps,AUTH,password,密码,0,False,{},pending,False,not_established,False,/Users/lzh/Downloads/Log 研究/agentlog_unified/docs/observed_type_inventory_v044.csv,8d9bf1c59ece1c1c883218883da00cefafc301265c04c87a562863805a54fd2d
dataset_commit_changes,aidev,aidev-expansion-v043-final,observed_log_version_per_type_in_one_batch,incomplete_or_gaps,AUTH,private_key,私钥,0,False,{},pending,False,not_established,False,/Users/lzh/Downloads/Log 研究/agentlog_unified/docs/observed_type_inventory_v044.csv,8d9bf1c59ece1c1c883218883da00cefafc301265c04c87a562863805a54fd2d
dataset_commit_changes,aidev,aidev-expansion-v043-final,observed_log_version_per_type_in_one_batch,incomplete_or_gaps,BIZ,business_object,业务对象载体,107,True,"{""static_type_label"": 107}",pending,False,not_established,False,/Users/lzh/Downloads/Log 研究/agentlog_unified/docs/observed_type_inventory_v044.csv,8d9bf1c59ece1c1c883218883da00cefafc301265c04c87a562863805a54fd2d
dataset_commit_changes,aidev,aidev-expansion-v043-final,observed_log_version_per_type_in_one_batch,incomplete_or_gaps,BIZ,document_content,文档及内容载体,6,True,"{""static_type_label"": 6}",pending,False,not_established,False,/Users/lzh/Downloads/Log 研究/agentlog_unified/docs/observed_type_inventory_v044.csv,8d9bf1c59ece1c1c883218883da00cefafc301265c04c87a562863805a54fd2d
dataset_commit_changes,aidev,aidev-expansion-v043-final,observed_log_version_per_type_in_one_batch,incomplete_or_gaps,BIZ,http_headers,请求响应头载体,0,False,{},pending,False,not_established,False,/Users/lzh/Downloads/Log 研究/agentlog_unified/docs/observed_type_inventory_v044.csv,8d9bf1c59ece1c1c883218883da00cefafc301265c04c87a562863805a54fd2d
dataset_commit_changes,aidev,aidev-expansion-v043-final,observed_log_version_per_type_in_one_batch,incomplete_or_gaps,BIZ,message_content,业务聊天内容载体,22,True,"{""static_type_label"": 22}",pending,False,not_established,False,/Users/lzh/Downloads/Log 研究/agentlog_unified/docs/observed_type_inventory_v044.csv,8d9bf1c59ece1c1c883218883da00cefafc301265c04c87a562863805a54fd2d
dataset_commit_changes,aidev,aidev-expansion-v043-final,observed_log_version_per_type_in_one_batch,incomplete_or_gaps,BIZ,request_body,请求体载体,0,False,{},pending,False,not_established,False,/Users/lzh/Downloads/Log 研究/agentlog_unified/docs/observed_type_inventory_v044.csv,8d9bf1c59ece1c1c883218883da00cefafc301265c04c87a562863805a54fd2d
dataset_commit_changes,aidev,aidev-expansion-v043-final,observed_log_version_per_type_in_one_batch,incomplete_or_gaps,BIZ,response_body,响应体载体,57,True,"{""static_type_label"": 57}",pending,False,not_established,False,/Users/lzh/Downloads/Log 研究/agentlog_unified/docs/observed_type_inventory_v044.csv,8d9bf1c59ece1c1c883218883da00cefafc301265c04c87a562863805a54fd2d
dataset_commit_changes,aidev,aidev-expansion-v043-final,observed_log_version_per_type_in_one_batch,incomplete_or_gaps,BIZ,unclassified_content,细类待确定,0,False,{},pending,False,not_established,False,/Users/lzh/Downloads/Log 研究/agentlog_unified/docs/observed_type_inventory_v044.csv,8d9bf1c59ece1c1c883218883da00cefafc301265c04c87a562863805a54fd2d
dataset_commit_changes,aidev,aidev-expansion-v043-final,observed_log_version_per_type_in_one_batch,incomplete_or_gaps,BIZ,unclassified_object,细类待确定,0,False,{},pending,False,not_established,False,/Users/lzh/Downloads/Log 研究/agentlog_unified/docs/observed_type_inventory_v044.csv,8d9bf1c59ece1c1c883218883da00cefafc301265c04c87a562863805a54fd2d
dataset_commit_changes,aidev,aidev-expansion-v043-final,observed_log_version_per_type_in_one_batch,incomplete_or_gaps,CFG,database_connection,数据库连接,0,False,{},pending,False,not_established,False,/Users/lzh/Downloads/Log 研究/agentlog_unified/docs/observed_type_inventory_v044.csv,8d9bf1c59ece1c1c883218883da00cefafc301265c04c87a562863805a54fd2d
dataset_commit_changes,aidev,aidev-expansion-v043-final,observed_log_version_per_type_in_one_batch,incomplete_or_gaps,CFG,deployment_configuration,配置及部署载体,0,False,{},pending,False,not_established,False,/Users/lzh/Downloads/Log 研究/agentlog_unified/docs/observed_type_inventory_v044.csv,8d9bf1c59ece1c1c883218883da00cefafc301265c04c87a562863805a54fd2d
dataset_commit_changes,aidev,aidev-expansion-v043-final,observed_log_version_per_type_in_one_batch,incomplete_or_gaps,CFG,environment,环境变量载体,0,False,{},pending,False,not_established,False,/Users/lzh/Downloads/Log 研究/agentlog_unified/docs/observed_type_inventory_v044.csv,8d9bf1c59ece1c1c883218883da00cefafc301265c04c87a562863805a54fd2d
dataset_commit_changes,aidev,aidev-expansion-v043-final,observed_log_version_per_type_in_one_batch,incomplete_or_gaps,CFG,filesystem_path,内部文件路径,0,False,{},pending,False,not_established,False,/Users/lzh/Downloads/Log 研究/agentlog_unified/docs/observed_type_inventory_v044.csv,8d9bf1c59ece1c1c883218883da00cefafc301265c04c87a562863805a54fd2d
dataset_commit_changes,aidev,aidev-expansion-v043-final,observed_log_version_per_type_in_one_batch,incomplete_or_gaps,CFG,internal_endpoint,内部端点,0,False,{},pending,False,not_established,False,/Users/lzh/Downloads/Log 研究/agentlog_unified/docs/observed_type_inventory_v044.csv,8d9bf1c59ece1c1c883218883da00cefafc301265c04c87a562863805a54fd2d
dataset_commit_changes,aidev,aidev-expansion-v043-final,observed_log_version_per_type_in_one_batch,incomplete_or_gaps,CFG,unclassified_internal_resource,细类待确定,0,False,{},pending,False,not_established,False,/Users/lzh/Downloads/Log 研究/agentlog_unified/docs/observed_type_inventory_v044.csv,8d9bf1c59ece1c1c883218883da00cefafc301265c04c87a562863805a54fd2d
dataset_commit_changes,aidev,aidev-expansion-v043-final,observed_log_version_per_type_in_one_batch,incomplete_or_gaps,DIAG,exception_message,异常内容载体,1,True,"{""static_type_label"": 1}",pending,False,not_established,False,/Users/lzh/Downloads/Log 研究/agentlog_unified/docs/observed_type_inventory_v044.csv,8d9bf1c59ece1c1c883218883da00cefafc301265c04c87a562863805a54fd2d
dataset_commit_changes,aidev,aidev-expansion-v043-final,observed_log_version_per_type_in_one_batch,incomplete_or_gaps,DIAG,failure_response,失败响应载体,0,False,{},pending,False,not_established,False,/Users/lzh/Downloads/Log 研究/agentlog_unified/docs/observed_type_inventory_v044.csv,8d9bf1c59ece1c1c883218883da00cefafc301265c04c87a562863805a54fd2d
dataset_commit_changes,aidev,aidev-expansion-v043-final,observed_log_version_per_type_in_one_batch,incomplete_or_gaps,DIAG,stack_trace,堆栈载体,0,False,{},pending,False,not_established,False,/Users/lzh/Downloads/Log 研究/agentlog_unified/docs/observed_type_inventory_v044.csv,8d9bf1c59ece1c1c883218883da00cefafc301265c04c87a562863805a54fd2d
dataset_commit_changes,aidev,aidev-expansion-v043-final,observed_log_version_per_type_in_one_batch,incomplete_or_gaps,PII,biometric,生物特征,0,False,{},pending,False,not_established,False,/Users/lzh/Downloads/Log 研究/agentlog_unified/docs/observed_type_inventory_v044.csv,8d9bf1c59ece1c1c883218883da00cefafc301265c04c87a562863805a54fd2d
dataset_commit_changes,aidev,aidev-expansion-v043-final,observed_log_version_per_type_in_one_batch,incomplete_or_gaps,PII,email,邮箱,4,True,"{""static_type_label"": 4}",pending,False,not_established,False,/Users/lzh/Downloads/Log 研究/agentlog_unified/docs/observed_type_inventory_v044.csv,8d9bf1c59ece1c1c883218883da00cefafc301265c04c87a562863805a54fd2d
dataset_commit_changes,aidev,aidev-expansion-v043-final,observed_log_version_per_type_in_one_batch,incomplete_or_gaps,PII,financial,个人金融信息,0,False,{},pending,False,not_established,False,/Users/lzh/Downloads/Log 研究/agentlog_unified/docs/observed_type_inventory_v044.csv,8d9bf1c59ece1c1c883218883da00cefafc301265c04c87a562863805a54fd2d
dataset_commit_changes,aidev,aidev-expansion-v043-final,observed_log_version_per_type_in_one_batch,incomplete_or_gaps,PII,government_identifier,政府证件标识,0,False,{},pending,False,not_established,False,/Users/lzh/Downloads/Log 研究/agentlog_unified/docs/observed_type_inventory_v044.csv,8d9bf1c59ece1c1c883218883da00cefafc301265c04c87a562863805a54fd2d
dataset_commit_changes,aidev,aidev-expansion-v043-final,observed_log_version_per_type_in_one_batch,incomplete_or_gaps,PII,medical,医疗健康信息,0,False,{},pending,False,not_established,False,/Users/lzh/Downloads/Log 研究/agentlog_unified/docs/observed_type_inventory_v044.csv,8d9bf1c59ece1c1c883218883da00cefafc301265c04c87a562863805a54fd2d
dataset_commit_changes,aidev,aidev-expansion-v043-final,observed_log_version_per_type_in_one_batch,incomplete_or_gaps,PII,person_name,个人姓名,16,True,"{""static_type_label"": 16}",pending,False,not_established,False,/Users/lzh/Downloads/Log 研究/agentlog_unified/docs/observed_type_inventory_v044.csv,8d9bf1c59ece1c1c883218883da00cefafc301265c04c87a562863805a54fd2d
dataset_commit_changes,aidev,aidev-expansion-v043-final,observed_log_version_per_type_in_one_batch,incomplete_or_gaps,PII,phone,电话,0,False,{},pending,False,not_established,False,/Users/lzh/Downloads/Log 研究/agentlog_unified/docs/observed_type_inventory_v044.csv,8d9bf1c59ece1c1c883218883da00cefafc301265c04c87a562863805a54fd2d
dataset_commit_changes,aidev,aidev-expansion-v043-final,observed_log_version_per_type_in_one_batch,incomplete_or_gaps,PII,postal_address,通信地址,4,True,"{""static_type_label"": 4}",pending,False,not_established,False,/Users/lzh/Downloads/Log 研究/agentlog_unified/docs/observed_type_inventory_v044.csv,8d9bf1c59ece1c1c883218883da00cefafc301265c04c87a562863805a54fd2d
dataset_commit_changes,aidev,aidev-expansion-v043-final,observed_log_version_per_type_in_one_batch,incomplete_or_gaps,PII,precise_location,精确位置候选,0,False,{},pending,False,not_established,False,/Users/lzh/Downloads/Log 研究/agentlog_unified/docs/observed_type_inventory_v044.csv,8d9bf1c59ece1c1c883218883da00cefafc301265c04c87a562863805a54fd2d
dataset_commit_changes,aidev,aidev-expansion-v043-final,observed_log_version_per_type_in_one_batch,incomplete_or_gaps,PII,unspecified_personal_information,细类待确定,0,False,{},pending,False,not_established,False,/Users/lzh/Downloads/Log 研究/agentlog_unified/docs/observed_type_inventory_v044.csv,8d9bf1c59ece1c1c883218883da00cefafc301265c04c87a562863805a54fd2d
dataset_commit_changes,aidev,aidev-expansion-v043-final,observed_log_version_per_type_in_one_batch,incomplete_or_gaps,QID,device_identifier,设备标识,0,False,{},pending,False,not_established,False,/Users/lzh/Downloads/Log 研究/agentlog_unified/docs/observed_type_inventory_v044.csv,8d9bf1c59ece1c1c883218883da00cefafc301265c04c87a562863805a54fd2d
dataset_commit_changes,aidev,aidev-expansion-v043-final,observed_log_version_per_type_in_one_batch,incomplete_or_gaps,QID,network_identifier,网络关联标识,0,False,{},pending,False,not_established,False,/Users/lzh/Downloads/Log 研究/agentlog_unified/docs/observed_type_inventory_v044.csv,8d9bf1c59ece1c1c883218883da00cefafc301265c04c87a562863805a54fd2d
dataset_commit_changes,aidev,aidev-expansion-v043-final,observed_log_version_per_type_in_one_batch,incomplete_or_gaps,QID,request_identifier,请求关联标识,0,False,{},pending,False,not_established,False,/Users/lzh/Downloads/Log 研究/agentlog_unified/docs/observed_type_inventory_v044.csv,8d9bf1c59ece1c1c883218883da00cefafc301265c04c87a562863805a54fd2d
dataset_commit_changes,aidev,aidev-expansion-v043-final,observed_log_version_per_type_in_one_batch,incomplete_or_gaps,QID,session_identifier,会话标识,0,False,{},pending,False,not_established,False,/Users/lzh/Downloads/Log 研究/agentlog_unified/docs/observed_type_inventory_v044.csv,8d9bf1c59ece1c1c883218883da00cefafc301265c04c87a562863805a54fd2d
dataset_commit_changes,aidev,aidev-expansion-v043-final,observed_log_version_per_type_in_one_batch,incomplete_or_gaps,QID,tenant_identifier,租户标识,0,False,{},pending,False,not_established,False,/Users/lzh/Downloads/Log 研究/agentlog_unified/docs/observed_type_inventory_v044.csv,8d9bf1c59ece1c1c883218883da00cefafc301265c04c87a562863805a54fd2d
dataset_commit_changes,aidev,aidev-expansion-v043-final,observed_log_version_per_type_in_one_batch,incomplete_or_gaps,QID,transaction_identifier,业务关联标识,0,False,{},pending,False,not_established,False,/Users/lzh/Downloads/Log 研究/agentlog_unified/docs/observed_type_inventory_v044.csv,8d9bf1c59ece1c1c883218883da00cefafc301265c04c87a562863805a54fd2d
dataset_commit_changes,aidev,aidev-expansion-v043-final,observed_log_version_per_type_in_one_batch,incomplete_or_gaps,QID,unspecified_linkable_identifier,细类待确定,0,False,{},pending,False,not_established,False,/Users/lzh/Downloads/Log 研究/agentlog_unified/docs/observed_type_inventory_v044.csv,8d9bf1c59ece1c1c883218883da00cefafc301265c04c87a562863805a54fd2d
dataset_commit_changes,aidev,aidev-expansion-v043-final,observed_log_version_per_type_in_one_batch,incomplete_or_gaps,QID,user_identifier,用户或账户标识,0,False,{},pending,False,not_established,False,/Users/lzh/Downloads/Log 研究/agentlog_unified/docs/observed_type_inventory_v044.csv,8d9bf1c59ece1c1c883218883da00cefafc301265c04c87a562863805a54fd2d
dataset_commit_changes,swe-chat,csharp-swechat-v043-final,observed_log_version_per_type_in_one_batch,incomplete_or_gaps,AUTH,access_token,访问令牌,18,True,"{""static_type_label"": 18}",pending,False,not_established,False,/Users/lzh/Downloads/Log 研究/agentlog_unified/docs/observed_type_inventory_v044.csv,8d9bf1c59ece1c1c883218883da00cefafc301265c04c87a562863805a54fd2d
dataset_commit_changes,swe-chat,csharp-swechat-v043-final,observed_log_version_per_type_in_one_batch,incomplete_or_gaps,AUTH,api_key,服务密钥,0,False,{},pending,False,not_established,False,/Users/lzh/Downloads/Log 研究/agentlog_unified/docs/observed_type_inventory_v044.csv,8d9bf1c59ece1c1c883218883da00cefafc301265c04c87a562863805a54fd2d
dataset_commit_changes,swe-chat,csharp-swechat-v043-final,observed_log_version_per_type_in_one_batch,incomplete_or_gaps,AUTH,auth_cookie,认证 Cookie,0,False,{},pending,False,not_established,False,/Users/lzh/Downloads/Log 研究/agentlog_unified/docs/observed_type_inventory_v044.csv,8d9bf1c59ece1c1c883218883da00cefafc301265c04c87a562863805a54fd2d
dataset_commit_changes,swe-chat,csharp-swechat-v043-final,observed_log_version_per_type_in_one_batch,incomplete_or_gaps,AUTH,authorization_header,认证头,0,False,{},pending,False,not_established,False,/Users/lzh/Downloads/Log 研究/agentlog_unified/docs/observed_type_inventory_v044.csv,8d9bf1c59ece1c1c883218883da00cefafc301265c04c87a562863805a54fd2d
dataset_commit_changes,swe-chat,csharp-swechat-v043-final,observed_log_version_per_type_in_one_batch,incomplete_or_gaps,AUTH,credential_bundle,其他认证秘密或凭证对象,1,True,"{""static_type_label"": 1}",pending,False,not_established,False,/Users/lzh/Downloads/Log 研究/agentlog_unified/docs/observed_type_inventory_v044.csv,8d9bf1c59ece1c1c883218883da00cefafc301265c04c87a562863805a54fd2d
dataset_commit_changes,swe-chat,csharp-swechat-v043-final,observed_log_version_per_type_in_one_batch,incomplete_or_gaps,AUTH,password,密码,0,False,{},pending,False,not_established,False,/Users/lzh/Downloads/Log 研究/agentlog_unified/docs/observed_type_inventory_v044.csv,8d9bf1c59ece1c1c883218883da00cefafc301265c04c87a562863805a54fd2d
dataset_commit_changes,swe-chat,csharp-swechat-v043-final,observed_log_version_per_type_in_one_batch,incomplete_or_gaps,AUTH,private_key,私钥,0,False,{},pending,False,not_established,False,/Users/lzh/Downloads/Log 研究/agentlog_unified/docs/observed_type_inventory_v044.csv,8d9bf1c59ece1c1c883218883da00cefafc301265c04c87a562863805a54fd2d
dataset_commit_changes,swe-chat,csharp-swechat-v043-final,observed_log_version_per_type_in_one_batch,incomplete_or_gaps,BIZ,business_object,业务对象载体,21,True,"{""static_type_label"": 21}",pending,False,not_established,False,/Users/lzh/Downloads/Log 研究/agentlog_unified/docs/observed_type_inventory_v044.csv,8d9bf1c59ece1c1c883218883da00cefafc301265c04c87a562863805a54fd2d
dataset_commit_changes,swe-chat,csharp-swechat-v043-final,observed_log_version_per_type_in_one_batch,incomplete_or_gaps,BIZ,document_content,文档及内容载体,4,True,"{""static_type_label"": 4}",pending,False,not_established,False,/Users/lzh/Downloads/Log 研究/agentlog_unified/docs/observed_type_inventory_v044.csv,8d9bf1c59ece1c1c883218883da00cefafc301265c04c87a562863805a54fd2d
dataset_commit_changes,swe-chat,csharp-swechat-v043-final,observed_log_version_per_type_in_one_batch,incomplete_or_gaps,BIZ,http_headers,请求响应头载体,1,True,"{""static_type_label"": 1}",pending,False,not_established,False,/Users/lzh/Downloads/Log 研究/agentlog_unified/docs/observed_type_inventory_v044.csv,8d9bf1c59ece1c1c883218883da00cefafc301265c04c87a562863805a54fd2d
dataset_commit_changes,swe-chat,csharp-swechat-v043-final,observed_log_version_per_type_in_one_batch,incomplete_or_gaps,BIZ,message_content,业务聊天内容载体,0,False,{},pending,False,not_established,False,/Users/lzh/Downloads/Log 研究/agentlog_unified/docs/observed_type_inventory_v044.csv,8d9bf1c59ece1c1c883218883da00cefafc301265c04c87a562863805a54fd2d
dataset_commit_changes,swe-chat,csharp-swechat-v043-final,observed_log_version_per_type_in_one_batch,incomplete_or_gaps,BIZ,request_body,请求体载体,3,True,"{""static_type_label"": 3}",pending,False,not_established,False,/Users/lzh/Downloads/Log 研究/agentlog_unified/docs/observed_type_inventory_v044.csv,8d9bf1c59ece1c1c883218883da00cefafc301265c04c87a562863805a54fd2d
dataset_commit_changes,swe-chat,csharp-swechat-v043-final,observed_log_version_per_type_in_one_batch,incomplete_or_gaps,BIZ,response_body,响应体载体,46,True,"{""static_type_label"": 46}",pending,False,not_established,False,/Users/lzh/Downloads/Log 研究/agentlog_unified/docs/observed_type_inventory_v044.csv,8d9bf1c59ece1c1c883218883da00cefafc301265c04c87a562863805a54fd2d
dataset_commit_changes,swe-chat,csharp-swechat-v043-final,observed_log_version_per_type_in_one_batch,incomplete_or_gaps,BIZ,unclassified_content,细类待确定,0,False,{},pending,False,not_established,False,/Users/lzh/Downloads/Log 研究/agentlog_unified/docs/observed_type_inventory_v044.csv,8d9bf1c59ece1c1c883218883da00cefafc301265c04c87a562863805a54fd2d
dataset_commit_changes,swe-chat,csharp-swechat-v043-final,observed_log_version_per_type_in_one_batch,incomplete_or_gaps,BIZ,unclassified_object,细类待确定,0,False,{},pending,False,not_established,False,/Users/lzh/Downloads/Log 研究/agentlog_unified/docs/observed_type_inventory_v044.csv,8d9bf1c59ece1c1c883218883da00cefafc301265c04c87a562863805a54fd2d
dataset_commit_changes,swe-chat,csharp-swechat-v043-final,observed_log_version_per_type_in_one_batch,incomplete_or_gaps,CFG,database_connection,数据库连接,0,False,{},pending,False,not_established,False,/Users/lzh/Downloads/Log 研究/agentlog_unified/docs/observed_type_inventory_v044.csv,8d9bf1c59ece1c1c883218883da00cefafc301265c04c87a562863805a54fd2d
dataset_commit_changes,swe-chat,csharp-swechat-v043-final,observed_log_version_per_type_in_one_batch,incomplete_or_gaps,CFG,deployment_configuration,配置及部署载体,25,True,"{""static_type_label"": 25}",pending,False,not_established,False,/Users/lzh/Downloads/Log 研究/agentlog_unified/docs/observed_type_inventory_v044.csv,8d9bf1c59ece1c1c883218883da00cefafc301265c04c87a562863805a54fd2d
dataset_commit_changes,swe-chat,csharp-swechat-v043-final,observed_log_version_per_type_in_one_batch,incomplete_or_gaps,CFG,environment,环境变量载体,0,False,{},pending,False,not_established,False,/Users/lzh/Downloads/Log 研究/agentlog_unified/docs/observed_type_inventory_v044.csv,8d9bf1c59ece1c1c883218883da00cefafc301265c04c87a562863805a54fd2d
dataset_commit_changes,swe-chat,csharp-swechat-v043-final,observed_log_version_per_type_in_one_batch,incomplete_or_gaps,CFG,filesystem_path,内部文件路径,1,True,"{""static_type_label"": 1}",pending,False,not_established,False,/Users/lzh/Downloads/Log 研究/agentlog_unified/docs/observed_type_inventory_v044.csv,8d9bf1c59ece1c1c883218883da00cefafc301265c04c87a562863805a54fd2d
dataset_commit_changes,swe-chat,csharp-swechat-v043-final,observed_log_version_per_type_in_one_batch,incomplete_or_gaps,CFG,internal_endpoint,内部端点,0,False,{},pending,False,not_established,False,/Users/lzh/Downloads/Log 研究/agentlog_unified/docs/observed_type_inventory_v044.csv,8d9bf1c59ece1c1c883218883da00cefafc301265c04c87a562863805a54fd2d
dataset_commit_changes,swe-chat,csharp-swechat-v043-final,observed_log_version_per_type_in_one_batch,incomplete_or_gaps,CFG,unclassified_internal_resource,细类待确定,0,False,{},pending,False,not_established,False,/Users/lzh/Downloads/Log 研究/agentlog_unified/docs/observed_type_inventory_v044.csv,8d9bf1c59ece1c1c883218883da00cefafc301265c04c87a562863805a54fd2d
dataset_commit_changes,swe-chat,csharp-swechat-v043-final,observed_log_version_per_type_in_one_batch,incomplete_or_gaps,DIAG,exception_message,异常内容载体,182,True,"{""static_type_label"": 182}",pending,False,not_established,False,/Users/lzh/Downloads/Log 研究/agentlog_unified/docs/observed_type_inventory_v044.csv,8d9bf1c59ece1c1c883218883da00cefafc301265c04c87a562863805a54fd2d
dataset_commit_changes,swe-chat,csharp-swechat-v043-final,observed_log_version_per_type_in_one_batch,incomplete_or_gaps,DIAG,failure_response,失败响应载体,0,False,{},pending,False,not_established,False,/Users/lzh/Downloads/Log 研究/agentlog_unified/docs/observed_type_inventory_v044.csv,8d9bf1c59ece1c1c883218883da00cefafc301265c04c87a562863805a54fd2d
dataset_commit_changes,swe-chat,csharp-swechat-v043-final,observed_log_version_per_type_in_one_batch,incomplete_or_gaps,DIAG,stack_trace,堆栈载体,0,False,{},pending,False,not_established,False,/Users/lzh/Downloads/Log 研究/agentlog_unified/docs/observed_type_inventory_v044.csv,8d9bf1c59ece1c1c883218883da00cefafc301265c04c87a562863805a54fd2d
dataset_commit_changes,swe-chat,csharp-swechat-v043-final,observed_log_version_per_type_in_one_batch,incomplete_or_gaps,PII,biometric,生物特征,0,False,{},pending,False,not_established,False,/Users/lzh/Downloads/Log 研究/agentlog_unified/docs/observed_type_inventory_v044.csv,8d9bf1c59ece1c1c883218883da00cefafc301265c04c87a562863805a54fd2d
dataset_commit_changes,swe-chat,csharp-swechat-v043-final,observed_log_version_per_type_in_one_batch,incomplete_or_gaps,PII,email,邮箱,9,True,"{""static_type_label"": 9}",pending,False,not_established,False,/Users/lzh/Downloads/Log 研究/agentlog_unified/docs/observed_type_inventory_v044.csv,8d9bf1c59ece1c1c883218883da00cefafc301265c04c87a562863805a54fd2d
dataset_commit_changes,swe-chat,csharp-swechat-v043-final,observed_log_version_per_type_in_one_batch,incomplete_or_gaps,PII,financial,个人金融信息,0,False,{},pending,False,not_established,False,/Users/lzh/Downloads/Log 研究/agentlog_unified/docs/observed_type_inventory_v044.csv,8d9bf1c59ece1c1c883218883da00cefafc301265c04c87a562863805a54fd2d
dataset_commit_changes,swe-chat,csharp-swechat-v043-final,observed_log_version_per_type_in_one_batch,incomplete_or_gaps,PII,government_identifier,政府证件标识,0,False,{},pending,False,not_established,False,/Users/lzh/Downloads/Log 研究/agentlog_unified/docs/observed_type_inventory_v044.csv,8d9bf1c59ece1c1c883218883da00cefafc301265c04c87a562863805a54fd2d
dataset_commit_changes,swe-chat,csharp-swechat-v043-final,observed_log_version_per_type_in_one_batch,incomplete_or_gaps,PII,medical,医疗健康信息,0,False,{},pending,False,not_established,False,/Users/lzh/Downloads/Log 研究/agentlog_unified/docs/observed_type_inventory_v044.csv,8d9bf1c59ece1c1c883218883da00cefafc301265c04c87a562863805a54fd2d
dataset_commit_changes,swe-chat,csharp-swechat-v043-final,observed_log_version_per_type_in_one_batch,incomplete_or_gaps,PII,person_name,个人姓名,15,True,"{""static_type_label"": 15}",pending,False,not_established,False,/Users/lzh/Downloads/Log 研究/agentlog_unified/docs/observed_type_inventory_v044.csv,8d9bf1c59ece1c1c883218883da00cefafc301265c04c87a562863805a54fd2d
dataset_commit_changes,swe-chat,csharp-swechat-v043-final,observed_log_version_per_type_in_one_batch,incomplete_or_gaps,PII,phone,电话,0,False,{},pending,False,not_established,False,/Users/lzh/Downloads/Log 研究/agentlog_unified/docs/observed_type_inventory_v044.csv,8d9bf1c59ece1c1c883218883da00cefafc301265c04c87a562863805a54fd2d
dataset_commit_changes,swe-chat,csharp-swechat-v043-final,observed_log_version_per_type_in_one_batch,incomplete_or_gaps,PII,postal_address,通信地址,0,False,{},pending,False,not_established,False,/Users/lzh/Downloads/Log 研究/agentlog_unified/docs/observed_type_inventory_v044.csv,8d9bf1c59ece1c1c883218883da00cefafc301265c04c87a562863805a54fd2d
dataset_commit_changes,swe-chat,csharp-swechat-v043-final,observed_log_version_per_type_in_one_batch,incomplete_or_gaps,PII,precise_location,精确位置候选,0,False,{},pending,False,not_established,False,/Users/lzh/Downloads/Log 研究/agentlog_unified/docs/observed_type_inventory_v044.csv,8d9bf1c59ece1c1c883218883da00cefafc301265c04c87a562863805a54fd2d
dataset_commit_changes,swe-chat,csharp-swechat-v043-final,observed_log_version_per_type_in_one_batch,incomplete_or_gaps,PII,unspecified_personal_information,细类待确定,0,False,{},pending,False,not_established,False,/Users/lzh/Downloads/Log 研究/agentlog_unified/docs/observed_type_inventory_v044.csv,8d9bf1c59ece1c1c883218883da00cefafc301265c04c87a562863805a54fd2d
dataset_commit_changes,swe-chat,csharp-swechat-v043-final,observed_log_version_per_type_in_one_batch,incomplete_or_gaps,QID,device_identifier,设备标识,0,False,{},pending,False,not_established,False,/Users/lzh/Downloads/Log 研究/agentlog_unified/docs/observed_type_inventory_v044.csv,8d9bf1c59ece1c1c883218883da00cefafc301265c04c87a562863805a54fd2d
dataset_commit_changes,swe-chat,csharp-swechat-v043-final,observed_log_version_per_type_in_one_batch,incomplete_or_gaps,QID,network_identifier,网络关联标识,0,False,{},pending,False,not_established,False,/Users/lzh/Downloads/Log 研究/agentlog_unified/docs/observed_type_inventory_v044.csv,8d9bf1c59ece1c1c883218883da00cefafc301265c04c87a562863805a54fd2d
dataset_commit_changes,swe-chat,csharp-swechat-v043-final,observed_log_version_per_type_in_one_batch,incomplete_or_gaps,QID,request_identifier,请求关联标识,0,False,{},pending,False,not_established,False,/Users/lzh/Downloads/Log 研究/agentlog_unified/docs/observed_type_inventory_v044.csv,8d9bf1c59ece1c1c883218883da00cefafc301265c04c87a562863805a54fd2d
dataset_commit_changes,swe-chat,csharp-swechat-v043-final,observed_log_version_per_type_in_one_batch,incomplete_or_gaps,QID,session_identifier,会话标识,0,False,{},pending,False,not_established,False,/Users/lzh/Downloads/Log 研究/agentlog_unified/docs/observed_type_inventory_v044.csv,8d9bf1c59ece1c1c883218883da00cefafc301265c04c87a562863805a54fd2d
dataset_commit_changes,swe-chat,csharp-swechat-v043-final,observed_log_version_per_type_in_one_batch,incomplete_or_gaps,QID,tenant_identifier,租户标识,0,False,{},pending,False,not_established,False,/Users/lzh/Downloads/Log 研究/agentlog_unified/docs/observed_type_inventory_v044.csv,8d9bf1c59ece1c1c883218883da00cefafc301265c04c87a562863805a54fd2d
dataset_commit_changes,swe-chat,csharp-swechat-v043-final,observed_log_version_per_type_in_one_batch,incomplete_or_gaps,QID,transaction_identifier,业务关联标识,2,True,"{""static_type_label"": 2}",pending,False,not_established,False,/Users/lzh/Downloads/Log 研究/agentlog_unified/docs/observed_type_inventory_v044.csv,8d9bf1c59ece1c1c883218883da00cefafc301265c04c87a562863805a54fd2d
dataset_commit_changes,swe-chat,csharp-swechat-v043-final,observed_log_version_per_type_in_one_batch,incomplete_or_gaps,QID,unspecified_linkable_identifier,细类待确定,0,False,{},pending,False,not_established,False,/Users/lzh/Downloads/Log 研究/agentlog_unified/docs/observed_type_inventory_v044.csv,8d9bf1c59ece1c1c883218883da00cefafc301265c04c87a562863805a54fd2d
dataset_commit_changes,swe-chat,csharp-swechat-v043-final,observed_log_version_per_type_in_one_batch,incomplete_or_gaps,QID,user_identifier,用户或账户标识,4,True,"{""static_type_label"": 4}",pending,False,not_established,False,/Users/lzh/Downloads/Log 研究/agentlog_unified/docs/observed_type_inventory_v044.csv,8d9bf1c59ece1c1c883218883da00cefafc301265c04c87a562863805a54fd2d
dataset_commit_changes,aidev,aidev-expansion-v044,observed_log_version_per_type_in_one_batch,incomplete_or_gaps,AUTH,access_token,访问令牌,0,False,{},pending,False,not_established,False,/Users/lzh/Downloads/Log 研究/agentlog_unified/docs/observed_type_inventory_v044.csv,8d9bf1c59ece1c1c883218883da00cefafc301265c04c87a562863805a54fd2d
dataset_commit_changes,aidev,aidev-expansion-v044,observed_log_version_per_type_in_one_batch,incomplete_or_gaps,AUTH,api_key,服务密钥,3,True,"{""static_type_label"": 3}",pending,False,not_established,False,/Users/lzh/Downloads/Log 研究/agentlog_unified/docs/observed_type_inventory_v044.csv,8d9bf1c59ece1c1c883218883da00cefafc301265c04c87a562863805a54fd2d
dataset_commit_changes,aidev,aidev-expansion-v044,observed_log_version_per_type_in_one_batch,incomplete_or_gaps,AUTH,auth_cookie,认证 Cookie,0,False,{},pending,False,not_established,False,/Users/lzh/Downloads/Log 研究/agentlog_unified/docs/observed_type_inventory_v044.csv,8d9bf1c59ece1c1c883218883da00cefafc301265c04c87a562863805a54fd2d
dataset_commit_changes,aidev,aidev-expansion-v044,observed_log_version_per_type_in_one_batch,incomplete_or_gaps,AUTH,authorization_header,认证头,0,False,{},pending,False,not_established,False,/Users/lzh/Downloads/Log 研究/agentlog_unified/docs/observed_type_inventory_v044.csv,8d9bf1c59ece1c1c883218883da00cefafc301265c04c87a562863805a54fd2d
dataset_commit_changes,aidev,aidev-expansion-v044,observed_log_version_per_type_in_one_batch,incomplete_or_gaps,AUTH,credential_bundle,其他认证秘密或凭证对象,0,False,{},pending,False,not_established,False,/Users/lzh/Downloads/Log 研究/agentlog_unified/docs/observed_type_inventory_v044.csv,8d9bf1c59ece1c1c883218883da00cefafc301265c04c87a562863805a54fd2d
dataset_commit_changes,aidev,aidev-expansion-v044,observed_log_version_per_type_in_one_batch,incomplete_or_gaps,AUTH,password,密码,0,False,{},pending,False,not_established,False,/Users/lzh/Downloads/Log 研究/agentlog_unified/docs/observed_type_inventory_v044.csv,8d9bf1c59ece1c1c883218883da00cefafc301265c04c87a562863805a54fd2d
dataset_commit_changes,aidev,aidev-expansion-v044,observed_log_version_per_type_in_one_batch,incomplete_or_gaps,AUTH,private_key,私钥,0,False,{},pending,False,not_established,False,/Users/lzh/Downloads/Log 研究/agentlog_unified/docs/observed_type_inventory_v044.csv,8d9bf1c59ece1c1c883218883da00cefafc301265c04c87a562863805a54fd2d
dataset_commit_changes,aidev,aidev-expansion-v044,observed_log_version_per_type_in_one_batch,incomplete_or_gaps,BIZ,business_object,业务对象载体,10,True,"{""static_type_label"": 10}",pending,False,not_established,False,/Users/lzh/Downloads/Log 研究/agentlog_unified/docs/observed_type_inventory_v044.csv,8d9bf1c59ece1c1c883218883da00cefafc301265c04c87a562863805a54fd2d
dataset_commit_changes,aidev,aidev-expansion-v044,observed_log_version_per_type_in_one_batch,incomplete_or_gaps,BIZ,document_content,文档及内容载体,6,True,"{""static_type_label"": 6}",pending,False,not_established,False,/Users/lzh/Downloads/Log 研究/agentlog_unified/docs/observed_type_inventory_v044.csv,8d9bf1c59ece1c1c883218883da00cefafc301265c04c87a562863805a54fd2d
dataset_commit_changes,aidev,aidev-expansion-v044,observed_log_version_per_type_in_one_batch,incomplete_or_gaps,BIZ,http_headers,请求响应头载体,0,False,{},pending,False,not_established,False,/Users/lzh/Downloads/Log 研究/agentlog_unified/docs/observed_type_inventory_v044.csv,8d9bf1c59ece1c1c883218883da00cefafc301265c04c87a562863805a54fd2d
dataset_commit_changes,aidev,aidev-expansion-v044,observed_log_version_per_type_in_one_batch,incomplete_or_gaps,BIZ,message_content,业务聊天内容载体,14,True,"{""static_type_label"": 14}",pending,False,not_established,False,/Users/lzh/Downloads/Log 研究/agentlog_unified/docs/observed_type_inventory_v044.csv,8d9bf1c59ece1c1c883218883da00cefafc301265c04c87a562863805a54fd2d
dataset_commit_changes,aidev,aidev-expansion-v044,observed_log_version_per_type_in_one_batch,incomplete_or_gaps,BIZ,request_body,请求体载体,6,True,"{""static_type_label"": 6}",pending,False,not_established,False,/Users/lzh/Downloads/Log 研究/agentlog_unified/docs/observed_type_inventory_v044.csv,8d9bf1c59ece1c1c883218883da00cefafc301265c04c87a562863805a54fd2d
dataset_commit_changes,aidev,aidev-expansion-v044,observed_log_version_per_type_in_one_batch,incomplete_or_gaps,BIZ,response_body,响应体载体,37,True,"{""static_type_label"": 37}",pending,False,not_established,False,/Users/lzh/Downloads/Log 研究/agentlog_unified/docs/observed_type_inventory_v044.csv,8d9bf1c59ece1c1c883218883da00cefafc301265c04c87a562863805a54fd2d
dataset_commit_changes,aidev,aidev-expansion-v044,observed_log_version_per_type_in_one_batch,incomplete_or_gaps,BIZ,unclassified_content,细类待确定,0,False,{},pending,False,not_established,False,/Users/lzh/Downloads/Log 研究/agentlog_unified/docs/observed_type_inventory_v044.csv,8d9bf1c59ece1c1c883218883da00cefafc301265c04c87a562863805a54fd2d
dataset_commit_changes,aidev,aidev-expansion-v044,observed_log_version_per_type_in_one_batch,incomplete_or_gaps,BIZ,unclassified_object,细类待确定,0,False,{},pending,False,not_established,False,/Users/lzh/Downloads/Log 研究/agentlog_unified/docs/observed_type_inventory_v044.csv,8d9bf1c59ece1c1c883218883da00cefafc301265c04c87a562863805a54fd2d
dataset_commit_changes,aidev,aidev-expansion-v044,observed_log_version_per_type_in_one_batch,incomplete_or_gaps,CFG,database_connection,数据库连接,0,False,{},pending,False,not_established,False,/Users/lzh/Downloads/Log 研究/agentlog_unified/docs/observed_type_inventory_v044.csv,8d9bf1c59ece1c1c883218883da00cefafc301265c04c87a562863805a54fd2d
dataset_commit_changes,aidev,aidev-expansion-v044,observed_log_version_per_type_in_one_batch,incomplete_or_gaps,CFG,deployment_configuration,配置及部署载体,14,True,"{""static_type_label"": 14}",pending,False,not_established,False,/Users/lzh/Downloads/Log 研究/agentlog_unified/docs/observed_type_inventory_v044.csv,8d9bf1c59ece1c1c883218883da00cefafc301265c04c87a562863805a54fd2d
dataset_commit_changes,aidev,aidev-expansion-v044,observed_log_version_per_type_in_one_batch,incomplete_or_gaps,CFG,environment,环境变量载体,0,False,{},pending,False,not_established,False,/Users/lzh/Downloads/Log 研究/agentlog_unified/docs/observed_type_inventory_v044.csv,8d9bf1c59ece1c1c883218883da00cefafc301265c04c87a562863805a54fd2d
dataset_commit_changes,aidev,aidev-expansion-v044,observed_log_version_per_type_in_one_batch,incomplete_or_gaps,CFG,filesystem_path,内部文件路径,13,True,"{""static_type_label"": 13}",pending,False,not_established,False,/Users/lzh/Downloads/Log 研究/agentlog_unified/docs/observed_type_inventory_v044.csv,8d9bf1c59ece1c1c883218883da00cefafc301265c04c87a562863805a54fd2d
dataset_commit_changes,aidev,aidev-expansion-v044,observed_log_version_per_type_in_one_batch,incomplete_or_gaps,CFG,internal_endpoint,内部端点,0,False,{},pending,False,not_established,False,/Users/lzh/Downloads/Log 研究/agentlog_unified/docs/observed_type_inventory_v044.csv,8d9bf1c59ece1c1c883218883da00cefafc301265c04c87a562863805a54fd2d
dataset_commit_changes,aidev,aidev-expansion-v044,observed_log_version_per_type_in_one_batch,incomplete_or_gaps,CFG,unclassified_internal_resource,细类待确定,0,False,{},pending,False,not_established,False,/Users/lzh/Downloads/Log 研究/agentlog_unified/docs/observed_type_inventory_v044.csv,8d9bf1c59ece1c1c883218883da00cefafc301265c04c87a562863805a54fd2d
dataset_commit_changes,aidev,aidev-expansion-v044,observed_log_version_per_type_in_one_batch,incomplete_or_gaps,DIAG,exception_message,异常内容载体,4,True,"{""static_type_label"": 4}",pending,False,not_established,False,/Users/lzh/Downloads/Log 研究/agentlog_unified/docs/observed_type_inventory_v044.csv,8d9bf1c59ece1c1c883218883da00cefafc301265c04c87a562863805a54fd2d
dataset_commit_changes,aidev,aidev-expansion-v044,observed_log_version_per_type_in_one_batch,incomplete_or_gaps,DIAG,failure_response,失败响应载体,0,False,{},pending,False,not_established,False,/Users/lzh/Downloads/Log 研究/agentlog_unified/docs/observed_type_inventory_v044.csv,8d9bf1c59ece1c1c883218883da00cefafc301265c04c87a562863805a54fd2d
dataset_commit_changes,aidev,aidev-expansion-v044,observed_log_version_per_type_in_one_batch,incomplete_or_gaps,DIAG,stack_trace,堆栈载体,16,True,"{""static_type_label"": 16}",pending,False,not_established,False,/Users/lzh/Downloads/Log 研究/agentlog_unified/docs/observed_type_inventory_v044.csv,8d9bf1c59ece1c1c883218883da00cefafc301265c04c87a562863805a54fd2d
dataset_commit_changes,aidev,aidev-expansion-v044,observed_log_version_per_type_in_one_batch,incomplete_or_gaps,PII,biometric,生物特征,0,False,{},pending,False,not_established,False,/Users/lzh/Downloads/Log 研究/agentlog_unified/docs/observed_type_inventory_v044.csv,8d9bf1c59ece1c1c883218883da00cefafc301265c04c87a562863805a54fd2d
dataset_commit_changes,aidev,aidev-expansion-v044,observed_log_version_per_type_in_one_batch,incomplete_or_gaps,PII,email,邮箱,4,True,"{""static_type_label"": 4}",pending,False,not_established,False,/Users/lzh/Downloads/Log 研究/agentlog_unified/docs/observed_type_inventory_v044.csv,8d9bf1c59ece1c1c883218883da00cefafc301265c04c87a562863805a54fd2d
dataset_commit_changes,aidev,aidev-expansion-v044,observed_log_version_per_type_in_one_batch,incomplete_or_gaps,PII,financial,个人金融信息,0,False,{},pending,False,not_established,False,/Users/lzh/Downloads/Log 研究/agentlog_unified/docs/observed_type_inventory_v044.csv,8d9bf1c59ece1c1c883218883da00cefafc301265c04c87a562863805a54fd2d
dataset_commit_changes,aidev,aidev-expansion-v044,observed_log_version_per_type_in_one_batch,incomplete_or_gaps,PII,government_identifier,政府证件标识,0,False,{},pending,False,not_established,False,/Users/lzh/Downloads/Log 研究/agentlog_unified/docs/observed_type_inventory_v044.csv,8d9bf1c59ece1c1c883218883da00cefafc301265c04c87a562863805a54fd2d
dataset_commit_changes,aidev,aidev-expansion-v044,observed_log_version_per_type_in_one_batch,incomplete_or_gaps,PII,medical,医疗健康信息,0,False,{},pending,False,not_established,False,/Users/lzh/Downloads/Log 研究/agentlog_unified/docs/observed_type_inventory_v044.csv,8d9bf1c59ece1c1c883218883da00cefafc301265c04c87a562863805a54fd2d
dataset_commit_changes,aidev,aidev-expansion-v044,observed_log_version_per_type_in_one_batch,incomplete_or_gaps,PII,person_name,个人姓名,4,True,"{""static_type_label"": 4}",pending,False,not_established,False,/Users/lzh/Downloads/Log 研究/agentlog_unified/docs/observed_type_inventory_v044.csv,8d9bf1c59ece1c1c883218883da00cefafc301265c04c87a562863805a54fd2d
dataset_commit_changes,aidev,aidev-expansion-v044,observed_log_version_per_type_in_one_batch,incomplete_or_gaps,PII,phone,电话,0,False,{},pending,False,not_established,False,/Users/lzh/Downloads/Log 研究/agentlog_unified/docs/observed_type_inventory_v044.csv,8d9bf1c59ece1c1c883218883da00cefafc301265c04c87a562863805a54fd2d
dataset_commit_changes,aidev,aidev-expansion-v044,observed_log_version_per_type_in_one_batch,incomplete_or_gaps,PII,postal_address,通信地址,0,False,{},pending,False,not_established,False,/Users/lzh/Downloads/Log 研究/agentlog_unified/docs/observed_type_inventory_v044.csv,8d9bf1c59ece1c1c883218883da00cefafc301265c04c87a562863805a54fd2d
dataset_commit_changes,aidev,aidev-expansion-v044,observed_log_version_per_type_in_one_batch,incomplete_or_gaps,PII,precise_location,精确位置候选,0,False,{},pending,False,not_established,False,/Users/lzh/Downloads/Log 研究/agentlog_unified/docs/observed_type_inventory_v044.csv,8d9bf1c59ece1c1c883218883da00cefafc301265c04c87a562863805a54fd2d
dataset_commit_changes,aidev,aidev-expansion-v044,observed_log_version_per_type_in_one_batch,incomplete_or_gaps,PII,unspecified_personal_information,细类待确定,0,False,{},pending,False,not_established,False,/Users/lzh/Downloads/Log 研究/agentlog_unified/docs/observed_type_inventory_v044.csv,8d9bf1c59ece1c1c883218883da00cefafc301265c04c87a562863805a54fd2d
dataset_commit_changes,aidev,aidev-expansion-v044,observed_log_version_per_type_in_one_batch,incomplete_or_gaps,QID,device_identifier,设备标识,0,False,{},pending,False,not_established,False,/Users/lzh/Downloads/Log 研究/agentlog_unified/docs/observed_type_inventory_v044.csv,8d9bf1c59ece1c1c883218883da00cefafc301265c04c87a562863805a54fd2d
dataset_commit_changes,aidev,aidev-expansion-v044,observed_log_version_per_type_in_one_batch,incomplete_or_gaps,QID,network_identifier,网络关联标识,0,False,{},pending,False,not_established,False,/Users/lzh/Downloads/Log 研究/agentlog_unified/docs/observed_type_inventory_v044.csv,8d9bf1c59ece1c1c883218883da00cefafc301265c04c87a562863805a54fd2d
dataset_commit_changes,aidev,aidev-expansion-v044,observed_log_version_per_type_in_one_batch,incomplete_or_gaps,QID,request_identifier,请求关联标识,0,False,{},pending,False,not_established,False,/Users/lzh/Downloads/Log 研究/agentlog_unified/docs/observed_type_inventory_v044.csv,8d9bf1c59ece1c1c883218883da00cefafc301265c04c87a562863805a54fd2d
dataset_commit_changes,aidev,aidev-expansion-v044,observed_log_version_per_type_in_one_batch,incomplete_or_gaps,QID,session_identifier,会话标识,0,False,{},pending,False,not_established,False,/Users/lzh/Downloads/Log 研究/agentlog_unified/docs/observed_type_inventory_v044.csv,8d9bf1c59ece1c1c883218883da00cefafc301265c04c87a562863805a54fd2d
dataset_commit_changes,aidev,aidev-expansion-v044,observed_log_version_per_type_in_one_batch,incomplete_or_gaps,QID,tenant_identifier,租户标识,0,False,{},pending,False,not_established,False,/Users/lzh/Downloads/Log 研究/agentlog_unified/docs/observed_type_inventory_v044.csv,8d9bf1c59ece1c1c883218883da00cefafc301265c04c87a562863805a54fd2d
dataset_commit_changes,aidev,aidev-expansion-v044,observed_log_version_per_type_in_one_batch,incomplete_or_gaps,QID,transaction_identifier,业务关联标识,0,False,{},pending,False,not_established,False,/Users/lzh/Downloads/Log 研究/agentlog_unified/docs/observed_type_inventory_v044.csv,8d9bf1c59ece1c1c883218883da00cefafc301265c04c87a562863805a54fd2d
dataset_commit_changes,aidev,aidev-expansion-v044,observed_log_version_per_type_in_one_batch,incomplete_or_gaps,QID,unspecified_linkable_identifier,细类待确定,0,False,{},pending,False,not_established,False,/Users/lzh/Downloads/Log 研究/agentlog_unified/docs/observed_type_inventory_v044.csv,8d9bf1c59ece1c1c883218883da00cefafc301265c04c87a562863805a54fd2d
dataset_commit_changes,aidev,aidev-expansion-v044,observed_log_version_per_type_in_one_batch,incomplete_or_gaps,QID,user_identifier,用户或账户标识,0,False,{},pending,False,not_established,False,/Users/lzh/Downloads/Log 研究/agentlog_unified/docs/observed_type_inventory_v044.csv,8d9bf1c59ece1c1c883218883da00cefafc301265c04c87a562863805a54fd2d
dataset_text_cells,aidev,aidev-v044,source_cell_span_rule_type_occurrence,complete_with_semantic_gaps,AUTH,access_token,访问令牌,52614,True,"{""identifier_reference"": 25938, ""literal_candidate"": 3146, ""named_value_candidate"": 23530}",pending,False,not_established,False,/Users/lzh/Downloads/Log 研究/agentlog_unified/content-runs/aidev-v044/content_type_summary.json,14ec1ec16ac1eb256208319947f9319cfe793869a3328f5c92fe99a0311b11ba
dataset_text_cells,aidev,aidev-v044,source_cell_span_rule_type_occurrence,complete_with_semantic_gaps,AUTH,api_key,服务密钥,24775,True,"{""identifier_reference"": 11766, ""literal_candidate"": 109, ""named_value_candidate"": 12900}",pending,False,not_established,False,/Users/lzh/Downloads/Log 研究/agentlog_unified/content-runs/aidev-v044/content_type_summary.json,14ec1ec16ac1eb256208319947f9319cfe793869a3328f5c92fe99a0311b11ba
dataset_text_cells,aidev,aidev-v044,source_cell_span_rule_type_occurrence,complete_with_semantic_gaps,AUTH,auth_cookie,认证 Cookie,7186,True,"{""identifier_reference"": 4470, ""named_value_candidate"": 2716}",pending,False,not_established,False,/Users/lzh/Downloads/Log 研究/agentlog_unified/content-runs/aidev-v044/content_type_summary.json,14ec1ec16ac1eb256208319947f9319cfe793869a3328f5c92fe99a0311b11ba
dataset_text_cells,aidev,aidev-v044,source_cell_span_rule_type_occurrence,complete_with_semantic_gaps,AUTH,authorization_header,认证头,9472,True,"{""identifier_reference"": 5387, ""literal_candidate"": 609, ""named_value_candidate"": 3476}",pending,False,not_established,False,/Users/lzh/Downloads/Log 研究/agentlog_unified/content-runs/aidev-v044/content_type_summary.json,14ec1ec16ac1eb256208319947f9319cfe793869a3328f5c92fe99a0311b11ba
dataset_text_cells,aidev,aidev-v044,source_cell_span_rule_type_occurrence,complete_with_semantic_gaps,AUTH,credential_bundle,其他认证秘密或凭证对象,28734,True,"{""identifier_reference"": 13722, ""literal_candidate"": 4448, ""named_value_candidate"": 10564}",pending,False,not_established,False,/Users/lzh/Downloads/Log 研究/agentlog_unified/content-runs/aidev-v044/content_type_summary.json,14ec1ec16ac1eb256208319947f9319cfe793869a3328f5c92fe99a0311b11ba
dataset_text_cells,aidev,aidev-v044,source_cell_span_rule_type_occurrence,complete_with_semantic_gaps,AUTH,password,密码,12027,True,"{""identifier_reference"": 5500, ""named_value_candidate"": 6527}",pending,False,not_established,False,/Users/lzh/Downloads/Log 研究/agentlog_unified/content-runs/aidev-v044/content_type_summary.json,14ec1ec16ac1eb256208319947f9319cfe793869a3328f5c92fe99a0311b11ba
dataset_text_cells,aidev,aidev-v044,source_cell_span_rule_type_occurrence,complete_with_semantic_gaps,AUTH,private_key,私钥,1694,True,"{""identifier_reference"": 756, ""literal_candidate"": 86, ""named_value_candidate"": 852}",pending,False,not_established,False,/Users/lzh/Downloads/Log 研究/agentlog_unified/content-runs/aidev-v044/content_type_summary.json,14ec1ec16ac1eb256208319947f9319cfe793869a3328f5c92fe99a0311b11ba
dataset_text_cells,aidev,aidev-v044,source_cell_span_rule_type_occurrence,complete_with_semantic_gaps,BIZ,business_object,业务对象载体,157704,True,"{""carrier_candidate"": 78035, ""identifier_reference"": 79669}",pending,False,not_established,False,/Users/lzh/Downloads/Log 研究/agentlog_unified/content-runs/aidev-v044/content_type_summary.json,14ec1ec16ac1eb256208319947f9319cfe793869a3328f5c92fe99a0311b11ba
dataset_text_cells,aidev,aidev-v044,source_cell_span_rule_type_occurrence,complete_with_semantic_gaps,BIZ,document_content,文档及内容载体,95499,True,"{""carrier_candidate"": 59888, ""identifier_reference"": 35611}",pending,False,not_established,False,/Users/lzh/Downloads/Log 研究/agentlog_unified/content-runs/aidev-v044/content_type_summary.json,14ec1ec16ac1eb256208319947f9319cfe793869a3328f5c92fe99a0311b11ba
dataset_text_cells,aidev,aidev-v044,source_cell_span_rule_type_occurrence,complete_with_semantic_gaps,BIZ,http_headers,请求响应头载体,41647,True,"{""carrier_candidate"": 17857, ""identifier_reference"": 23790}",pending,False,not_established,False,/Users/lzh/Downloads/Log 研究/agentlog_unified/content-runs/aidev-v044/content_type_summary.json,14ec1ec16ac1eb256208319947f9319cfe793869a3328f5c92fe99a0311b11ba
dataset_text_cells,aidev,aidev-v044,source_cell_span_rule_type_occurrence,complete_with_semantic_gaps,BIZ,message_content,业务聊天内容载体,1011,True,"{""carrier_candidate"": 542, ""identifier_reference"": 469}",pending,False,not_established,False,/Users/lzh/Downloads/Log 研究/agentlog_unified/content-runs/aidev-v044/content_type_summary.json,14ec1ec16ac1eb256208319947f9319cfe793869a3328f5c92fe99a0311b11ba
dataset_text_cells,aidev,aidev-v044,source_cell_span_rule_type_occurrence,complete_with_semantic_gaps,BIZ,request_body,请求体载体,67920,True,"{""carrier_candidate"": 34471, ""identifier_reference"": 33449}",pending,False,not_established,False,/Users/lzh/Downloads/Log 研究/agentlog_unified/content-runs/aidev-v044/content_type_summary.json,14ec1ec16ac1eb256208319947f9319cfe793869a3328f5c92fe99a0311b11ba
dataset_text_cells,aidev,aidev-v044,source_cell_span_rule_type_occurrence,complete_with_semantic_gaps,BIZ,response_body,响应体载体,76696,True,"{""carrier_candidate"": 39334, ""identifier_reference"": 37362}",pending,False,not_established,False,/Users/lzh/Downloads/Log 研究/agentlog_unified/content-runs/aidev-v044/content_type_summary.json,14ec1ec16ac1eb256208319947f9319cfe793869a3328f5c92fe99a0311b11ba
dataset_text_cells,aidev,aidev-v044,source_cell_span_rule_type_occurrence,complete_with_semantic_gaps,BIZ,unclassified_content,细类待确定,0,False,{},pending,False,not_established,False,/Users/lzh/Downloads/Log 研究/agentlog_unified/content-runs/aidev-v044/content_type_summary.json,14ec1ec16ac1eb256208319947f9319cfe793869a3328f5c92fe99a0311b11ba
dataset_text_cells,aidev,aidev-v044,source_cell_span_rule_type_occurrence,complete_with_semantic_gaps,BIZ,unclassified_object,细类待确定,0,False,{},pending,False,not_established,False,/Users/lzh/Downloads/Log 研究/agentlog_unified/content-runs/aidev-v044/content_type_summary.json,14ec1ec16ac1eb256208319947f9319cfe793869a3328f5c92fe99a0311b11ba
dataset_text_cells,aidev,aidev-v044,source_cell_span_rule_type_occurrence,complete_with_semantic_gaps,CFG,database_connection,数据库连接,5261,True,"{""identifier_reference"": 2639, ""named_value_candidate"": 2622}",pending,False,not_established,False,/Users/lzh/Downloads/Log 研究/agentlog_unified/content-runs/aidev-v044/content_type_summary.json,14ec1ec16ac1eb256208319947f9319cfe793869a3328f5c92fe99a0311b11ba
dataset_text_cells,aidev,aidev-v044,source_cell_span_rule_type_occurrence,complete_with_semantic_gaps,CFG,deployment_configuration,配置及部署载体,71090,True,"{""carrier_candidate"": 31414, ""identifier_reference"": 39676}",pending,False,not_established,False,/Users/lzh/Downloads/Log 研究/agentlog_unified/content-runs/aidev-v044/content_type_summary.json,14ec1ec16ac1eb256208319947f9319cfe793869a3328f5c92fe99a0311b11ba
dataset_text_cells,aidev,aidev-v044,source_cell_span_rule_type_occurrence,complete_with_semantic_gaps,CFG,environment,环境变量载体,34830,True,"{""carrier_candidate"": 16155, ""identifier_reference"": 18675}",pending,False,not_established,False,/Users/lzh/Downloads/Log 研究/agentlog_unified/content-runs/aidev-v044/content_type_summary.json,14ec1ec16ac1eb256208319947f9319cfe793869a3328f5c92fe99a0311b11ba
dataset_text_cells,aidev,aidev-v044,source_cell_span_rule_type_occurrence,complete_with_semantic_gaps,CFG,filesystem_path,内部文件路径,14613,True,"{""identifier_reference"": 6244, ""named_value_candidate"": 8369}",pending,False,not_established,False,/Users/lzh/Downloads/Log 研究/agentlog_unified/content-runs/aidev-v044/content_type_summary.json,14ec1ec16ac1eb256208319947f9319cfe793869a3328f5c92fe99a0311b11ba
dataset_text_cells,aidev,aidev-v044,source_cell_span_rule_type_occurrence,complete_with_semantic_gaps,CFG,internal_endpoint,内部端点,161,True,"{""identifier_reference"": 64, ""named_value_candidate"": 97}",pending,False,not_established,False,/Users/lzh/Downloads/Log 研究/agentlog_unified/content-runs/aidev-v044/content_type_summary.json,14ec1ec16ac1eb256208319947f9319cfe793869a3328f5c92fe99a0311b11ba
dataset_text_cells,aidev,aidev-v044,source_cell_span_rule_type_occurrence,complete_with_semantic_gaps,CFG,unclassified_internal_resource,细类待确定,0,False,{},pending,False,not_established,False,/Users/lzh/Downloads/Log 研究/agentlog_unified/content-runs/aidev-v044/content_type_summary.json,14ec1ec16ac1eb256208319947f9319cfe793869a3328f5c92fe99a0311b11ba
dataset_text_cells,aidev,aidev-v044,source_cell_span_rule_type_occurrence,complete_with_semantic_gaps,DIAG,exception_message,异常内容载体,252361,True,"{""carrier_candidate"": 148788, ""identifier_reference"": 103573}",pending,False,not_established,False,/Users/lzh/Downloads/Log 研究/agentlog_unified/content-runs/aidev-v044/content_type_summary.json,14ec1ec16ac1eb256208319947f9319cfe793869a3328f5c92fe99a0311b11ba
dataset_text_cells,aidev,aidev-v044,source_cell_span_rule_type_occurrence,complete_with_semantic_gaps,DIAG,failure_response,失败响应载体,734,True,"{""carrier_candidate"": 103, ""identifier_reference"": 631}",pending,False,not_established,False,/Users/lzh/Downloads/Log 研究/agentlog_unified/content-runs/aidev-v044/content_type_summary.json,14ec1ec16ac1eb256208319947f9319cfe793869a3328f5c92fe99a0311b11ba
dataset_text_cells,aidev,aidev-v044,source_cell_span_rule_type_occurrence,complete_with_semantic_gaps,DIAG,stack_trace,堆栈载体,6508,True,"{""carrier_candidate"": 3861, ""identifier_reference"": 2647}",pending,False,not_established,False,/Users/lzh/Downloads/Log 研究/agentlog_unified/content-runs/aidev-v044/content_type_summary.json,14ec1ec16ac1eb256208319947f9319cfe793869a3328f5c92fe99a0311b11ba
dataset_text_cells,aidev,aidev-v044,source_cell_span_rule_type_occurrence,complete_with_semantic_gaps,PII,biometric,生物特征,36,True,"{""identifier_reference"": 15, ""named_value_candidate"": 21}",pending,False,not_established,False,/Users/lzh/Downloads/Log 研究/agentlog_unified/content-runs/aidev-v044/content_type_summary.json,14ec1ec16ac1eb256208319947f9319cfe793869a3328f5c92fe99a0311b11ba
dataset_text_cells,aidev,aidev-v044,source_cell_span_rule_type_occurrence,complete_with_semantic_gaps,PII,email,邮箱,373897,True,"{""identifier_reference"": 14088, ""literal_candidate"": 350382, ""named_value_candidate"": 9427}",pending,False,not_established,False,/Users/lzh/Downloads/Log 研究/agentlog_unified/content-runs/aidev-v044/content_type_summary.json,14ec1ec16ac1eb256208319947f9319cfe793869a3328f5c92fe99a0311b11ba
dataset_text_cells,aidev,aidev-v044,source_cell_span_rule_type_occurrence,complete_with_semantic_gaps,PII,financial,个人金融信息,1590,True,"{""identifier_reference"": 578, ""named_value_candidate"": 1012}",pending,False,not_established,False,/Users/lzh/Downloads/Log 研究/agentlog_unified/content-runs/aidev-v044/content_type_summary.json,14ec1ec16ac1eb256208319947f9319cfe793869a3328f5c92fe99a0311b11ba
dataset_text_cells,aidev,aidev-v044,source_cell_span_rule_type_occurrence,complete_with_semantic_gaps,PII,government_identifier,政府证件标识,609,True,"{""identifier_reference"": 238, ""named_value_candidate"": 371}",pending,False,not_established,False,/Users/lzh/Downloads/Log 研究/agentlog_unified/content-runs/aidev-v044/content_type_summary.json,14ec1ec16ac1eb256208319947f9319cfe793869a3328f5c92fe99a0311b11ba
dataset_text_cells,aidev,aidev-v044,source_cell_span_rule_type_occurrence,complete_with_semantic_gaps,PII,medical,医疗健康信息,442,True,"{""identifier_reference"": 171, ""named_value_candidate"": 271}",pending,False,not_established,False,/Users/lzh/Downloads/Log 研究/agentlog_unified/content-runs/aidev-v044/content_type_summary.json,14ec1ec16ac1eb256208319947f9319cfe793869a3328f5c92fe99a0311b11ba
dataset_text_cells,aidev,aidev-v044,source_cell_span_rule_type_occurrence,complete_with_semantic_gaps,PII,person_name,个人姓名,17456,True,"{""identifier_reference"": 8343, ""named_value_candidate"": 9113}",pending,False,not_established,False,/Users/lzh/Downloads/Log 研究/agentlog_unified/content-runs/aidev-v044/content_type_summary.json,14ec1ec16ac1eb256208319947f9319cfe793869a3328f5c92fe99a0311b11ba
dataset_text_cells,aidev,aidev-v044,source_cell_span_rule_type_occurrence,complete_with_semantic_gaps,PII,phone,电话,4017,True,"{""identifier_reference"": 1879, ""named_value_candidate"": 2138}",pending,False,not_established,False,/Users/lzh/Downloads/Log 研究/agentlog_unified/content-runs/aidev-v044/content_type_summary.json,14ec1ec16ac1eb256208319947f9319cfe793869a3328f5c92fe99a0311b11ba
dataset_text_cells,aidev,aidev-v044,source_cell_span_rule_type_occurrence,complete_with_semantic_gaps,PII,postal_address,通信地址,22176,True,"{""identifier_reference"": 9419, ""named_value_candidate"": 12757}",pending,False,not_established,False,/Users/lzh/Downloads/Log 研究/agentlog_unified/content-runs/aidev-v044/content_type_summary.json,14ec1ec16ac1eb256208319947f9319cfe793869a3328f5c92fe99a0311b11ba
dataset_text_cells,aidev,aidev-v044,source_cell_span_rule_type_occurrence,complete_with_semantic_gaps,PII,precise_location,精确位置候选,841,True,"{""identifier_reference"": 336, ""named_value_candidate"": 505}",pending,False,not_established,False,/Users/lzh/Downloads/Log 研究/agentlog_unified/content-runs/aidev-v044/content_type_summary.json,14ec1ec16ac1eb256208319947f9319cfe793869a3328f5c92fe99a0311b11ba
dataset_text_cells,aidev,aidev-v044,source_cell_span_rule_type_occurrence,complete_with_semantic_gaps,PII,unspecified_personal_information,细类待确定,0,False,{},pending,False,not_established,False,/Users/lzh/Downloads/Log 研究/agentlog_unified/content-runs/aidev-v044/content_type_summary.json,14ec1ec16ac1eb256208319947f9319cfe793869a3328f5c92fe99a0311b11ba
dataset_text_cells,aidev,aidev-v044,source_cell_span_rule_type_occurrence,complete_with_semantic_gaps,QID,device_identifier,设备标识,752,True,"{""identifier_reference"": 274, ""named_value_candidate"": 478}",pending,False,not_established,False,/Users/lzh/Downloads/Log 研究/agentlog_unified/content-runs/aidev-v044/content_type_summary.json,14ec1ec16ac1eb256208319947f9319cfe793869a3328f5c92fe99a0311b11ba
dataset_text_cells,aidev,aidev-v044,source_cell_span_rule_type_occurrence,complete_with_semantic_gaps,QID,network_identifier,网络关联标识,30190,True,"{""identifier_reference"": 709, ""literal_candidate"": 29009, ""named_value_candidate"": 472}",pending,False,not_established,False,/Users/lzh/Downloads/Log 研究/agentlog_unified/content-runs/aidev-v044/content_type_summary.json,14ec1ec16ac1eb256208319947f9319cfe793869a3328f5c92fe99a0311b11ba
dataset_text_cells,aidev,aidev-v044,source_cell_span_rule_type_occurrence,complete_with_semantic_gaps,QID,request_identifier,请求关联标识,11283,True,"{""identifier_reference"": 5624, ""named_value_candidate"": 5659}",pending,False,not_established,False,/Users/lzh/Downloads/Log 研究/agentlog_unified/content-runs/aidev-v044/content_type_summary.json,14ec1ec16ac1eb256208319947f9319cfe793869a3328f5c92fe99a0311b11ba
dataset_text_cells,aidev,aidev-v044,source_cell_span_rule_type_occurrence,complete_with_semantic_gaps,QID,session_identifier,会话标识,4900,True,"{""identifier_reference"": 2483, ""named_value_candidate"": 2417}",pending,False,not_established,False,/Users/lzh/Downloads/Log 研究/agentlog_unified/content-runs/aidev-v044/content_type_summary.json,14ec1ec16ac1eb256208319947f9319cfe793869a3328f5c92fe99a0311b11ba
dataset_text_cells,aidev,aidev-v044,source_cell_span_rule_type_occurrence,complete_with_semantic_gaps,QID,tenant_identifier,租户标识,1645,True,"{""identifier_reference"": 709, ""named_value_candidate"": 936}",pending,False,not_established,False,/Users/lzh/Downloads/Log 研究/agentlog_unified/content-runs/aidev-v044/content_type_summary.json,14ec1ec16ac1eb256208319947f9319cfe793869a3328f5c92fe99a0311b11ba
dataset_text_cells,aidev,aidev-v044,source_cell_span_rule_type_occurrence,complete_with_semantic_gaps,QID,transaction_identifier,业务关联标识,3613,True,"{""identifier_reference"": 1835, ""named_value_candidate"": 1778}",pending,False,not_established,False,/Users/lzh/Downloads/Log 研究/agentlog_unified/content-runs/aidev-v044/content_type_summary.json,14ec1ec16ac1eb256208319947f9319cfe793869a3328f5c92fe99a0311b11ba
dataset_text_cells,aidev,aidev-v044,source_cell_span_rule_type_occurrence,complete_with_semantic_gaps,QID,unspecified_linkable_identifier,细类待确定,0,False,{},pending,False,not_established,False,/Users/lzh/Downloads/Log 研究/agentlog_unified/content-runs/aidev-v044/content_type_summary.json,14ec1ec16ac1eb256208319947f9319cfe793869a3328f5c92fe99a0311b11ba
dataset_text_cells,aidev,aidev-v044,source_cell_span_rule_type_occurrence,complete_with_semantic_gaps,QID,user_identifier,用户或账户标识,37258,True,"{""identifier_reference"": 19440, ""named_value_candidate"": 17818}",pending,False,not_established,False,/Users/lzh/Downloads/Log 研究/agentlog_unified/content-runs/aidev-v044/content_type_summary.json,14ec1ec16ac1eb256208319947f9319cfe793869a3328f5c92fe99a0311b11ba
dataset_schema_context,aidev,aidev-v045,candidate_source_cell,complete_with_schema_gaps,AUTH,access_token,访问令牌,0,False,{},pending,False,not_established,False,/Users/lzh/Downloads/Log 研究/agentlog_unified/schema-runs/aidev-v045/schema_type_summary.json,626ed4a11cf240e252148d8c4fa8b304d84572316eb634972d176848731a64c3
dataset_schema_context,aidev,aidev-v045,candidate_source_cell,complete_with_schema_gaps,AUTH,api_key,服务密钥,0,False,{},pending,False,not_established,False,/Users/lzh/Downloads/Log 研究/agentlog_unified/schema-runs/aidev-v045/schema_type_summary.json,626ed4a11cf240e252148d8c4fa8b304d84572316eb634972d176848731a64c3
dataset_schema_context,aidev,aidev-v045,candidate_source_cell,complete_with_schema_gaps,AUTH,auth_cookie,认证 Cookie,0,False,{},pending,False,not_established,False,/Users/lzh/Downloads/Log 研究/agentlog_unified/schema-runs/aidev-v045/schema_type_summary.json,626ed4a11cf240e252148d8c4fa8b304d84572316eb634972d176848731a64c3
dataset_schema_context,aidev,aidev-v045,candidate_source_cell,complete_with_schema_gaps,AUTH,authorization_header,认证头,0,False,{},pending,False,not_established,False,/Users/lzh/Downloads/Log 研究/agentlog_unified/schema-runs/aidev-v045/schema_type_summary.json,626ed4a11cf240e252148d8c4fa8b304d84572316eb634972d176848731a64c3
dataset_schema_context,aidev,aidev-v045,candidate_source_cell,complete_with_schema_gaps,AUTH,credential_bundle,其他认证秘密或凭证对象,0,False,{},pending,False,not_established,False,/Users/lzh/Downloads/Log 研究/agentlog_unified/schema-runs/aidev-v045/schema_type_summary.json,626ed4a11cf240e252148d8c4fa8b304d84572316eb634972d176848731a64c3
dataset_schema_context,aidev,aidev-v045,candidate_source_cell,complete_with_schema_gaps,AUTH,password,密码,0,False,{},pending,False,not_established,False,/Users/lzh/Downloads/Log 研究/agentlog_unified/schema-runs/aidev-v045/schema_type_summary.json,626ed4a11cf240e252148d8c4fa8b304d84572316eb634972d176848731a64c3
dataset_schema_context,aidev,aidev-v045,candidate_source_cell,complete_with_schema_gaps,AUTH,private_key,私钥,0,False,{},pending,False,not_established,False,/Users/lzh/Downloads/Log 研究/agentlog_unified/schema-runs/aidev-v045/schema_type_summary.json,626ed4a11cf240e252148d8c4fa8b304d84572316eb634972d176848731a64c3
dataset_schema_context,aidev,aidev-v045,candidate_source_cell,complete_with_schema_gaps,BIZ,business_object,业务对象载体,0,False,{},pending,False,not_established,False,/Users/lzh/Downloads/Log 研究/agentlog_unified/schema-runs/aidev-v045/schema_type_summary.json,626ed4a11cf240e252148d8c4fa8b304d84572316eb634972d176848731a64c3
dataset_schema_context,aidev,aidev-v045,candidate_source_cell,complete_with_schema_gaps,BIZ,document_content,文档及内容载体,0,False,{},pending,False,not_established,False,/Users/lzh/Downloads/Log 研究/agentlog_unified/schema-runs/aidev-v045/schema_type_summary.json,626ed4a11cf240e252148d8c4fa8b304d84572316eb634972d176848731a64c3
dataset_schema_context,aidev,aidev-v045,candidate_source_cell,complete_with_schema_gaps,BIZ,http_headers,请求响应头载体,0,False,{},pending,False,not_established,False,/Users/lzh/Downloads/Log 研究/agentlog_unified/schema-runs/aidev-v045/schema_type_summary.json,626ed4a11cf240e252148d8c4fa8b304d84572316eb634972d176848731a64c3
dataset_schema_context,aidev,aidev-v045,candidate_source_cell,complete_with_schema_gaps,BIZ,message_content,业务聊天内容载体,0,False,{},pending,False,not_established,False,/Users/lzh/Downloads/Log 研究/agentlog_unified/schema-runs/aidev-v045/schema_type_summary.json,626ed4a11cf240e252148d8c4fa8b304d84572316eb634972d176848731a64c3
dataset_schema_context,aidev,aidev-v045,candidate_source_cell,complete_with_schema_gaps,BIZ,request_body,请求体载体,0,False,{},pending,False,not_established,False,/Users/lzh/Downloads/Log 研究/agentlog_unified/schema-runs/aidev-v045/schema_type_summary.json,626ed4a11cf240e252148d8c4fa8b304d84572316eb634972d176848731a64c3
dataset_schema_context,aidev,aidev-v045,candidate_source_cell,complete_with_schema_gaps,BIZ,response_body,响应体载体,0,False,{},pending,False,not_established,False,/Users/lzh/Downloads/Log 研究/agentlog_unified/schema-runs/aidev-v045/schema_type_summary.json,626ed4a11cf240e252148d8c4fa8b304d84572316eb634972d176848731a64c3
dataset_schema_context,aidev,aidev-v045,candidate_source_cell,complete_with_schema_gaps,BIZ,unclassified_content,细类待确定,0,False,{},pending,False,not_established,False,/Users/lzh/Downloads/Log 研究/agentlog_unified/schema-runs/aidev-v045/schema_type_summary.json,626ed4a11cf240e252148d8c4fa8b304d84572316eb634972d176848731a64c3
dataset_schema_context,aidev,aidev-v045,candidate_source_cell,complete_with_schema_gaps,BIZ,unclassified_object,细类待确定,0,False,{},pending,False,not_established,False,/Users/lzh/Downloads/Log 研究/agentlog_unified/schema-runs/aidev-v045/schema_type_summary.json,626ed4a11cf240e252148d8c4fa8b304d84572316eb634972d176848731a64c3
dataset_schema_context,aidev,aidev-v045,candidate_source_cell,complete_with_schema_gaps,CFG,database_connection,数据库连接,0,False,{},pending,False,not_established,False,/Users/lzh/Downloads/Log 研究/agentlog_unified/schema-runs/aidev-v045/schema_type_summary.json,626ed4a11cf240e252148d8c4fa8b304d84572316eb634972d176848731a64c3
dataset_schema_context,aidev,aidev-v045,candidate_source_cell,complete_with_schema_gaps,CFG,deployment_configuration,配置及部署载体,0,False,{},pending,False,not_established,False,/Users/lzh/Downloads/Log 研究/agentlog_unified/schema-runs/aidev-v045/schema_type_summary.json,626ed4a11cf240e252148d8c4fa8b304d84572316eb634972d176848731a64c3
dataset_schema_context,aidev,aidev-v045,candidate_source_cell,complete_with_schema_gaps,CFG,environment,环境变量载体,0,False,{},pending,False,not_established,False,/Users/lzh/Downloads/Log 研究/agentlog_unified/schema-runs/aidev-v045/schema_type_summary.json,626ed4a11cf240e252148d8c4fa8b304d84572316eb634972d176848731a64c3
dataset_schema_context,aidev,aidev-v045,candidate_source_cell,complete_with_schema_gaps,CFG,filesystem_path,内部文件路径,0,False,{},pending,False,not_established,False,/Users/lzh/Downloads/Log 研究/agentlog_unified/schema-runs/aidev-v045/schema_type_summary.json,626ed4a11cf240e252148d8c4fa8b304d84572316eb634972d176848731a64c3
dataset_schema_context,aidev,aidev-v045,candidate_source_cell,complete_with_schema_gaps,CFG,internal_endpoint,内部端点,0,False,{},pending,False,not_established,False,/Users/lzh/Downloads/Log 研究/agentlog_unified/schema-runs/aidev-v045/schema_type_summary.json,626ed4a11cf240e252148d8c4fa8b304d84572316eb634972d176848731a64c3
dataset_schema_context,aidev,aidev-v045,candidate_source_cell,complete_with_schema_gaps,CFG,unclassified_internal_resource,细类待确定,0,False,{},pending,False,not_established,False,/Users/lzh/Downloads/Log 研究/agentlog_unified/schema-runs/aidev-v045/schema_type_summary.json,626ed4a11cf240e252148d8c4fa8b304d84572316eb634972d176848731a64c3
dataset_schema_context,aidev,aidev-v045,candidate_source_cell,complete_with_schema_gaps,DIAG,exception_message,异常内容载体,0,False,{},pending,False,not_established,False,/Users/lzh/Downloads/Log 研究/agentlog_unified/schema-runs/aidev-v045/schema_type_summary.json,626ed4a11cf240e252148d8c4fa8b304d84572316eb634972d176848731a64c3
dataset_schema_context,aidev,aidev-v045,candidate_source_cell,complete_with_schema_gaps,DIAG,failure_response,失败响应载体,0,False,{},pending,False,not_established,False,/Users/lzh/Downloads/Log 研究/agentlog_unified/schema-runs/aidev-v045/schema_type_summary.json,626ed4a11cf240e252148d8c4fa8b304d84572316eb634972d176848731a64c3
dataset_schema_context,aidev,aidev-v045,candidate_source_cell,complete_with_schema_gaps,DIAG,stack_trace,堆栈载体,0,False,{},pending,False,not_established,False,/Users/lzh/Downloads/Log 研究/agentlog_unified/schema-runs/aidev-v045/schema_type_summary.json,626ed4a11cf240e252148d8c4fa8b304d84572316eb634972d176848731a64c3
dataset_schema_context,aidev,aidev-v045,candidate_source_cell,complete_with_schema_gaps,PII,biometric,生物特征,0,False,{},pending,False,not_established,False,/Users/lzh/Downloads/Log 研究/agentlog_unified/schema-runs/aidev-v045/schema_type_summary.json,626ed4a11cf240e252148d8c4fa8b304d84572316eb634972d176848731a64c3
dataset_schema_context,aidev,aidev-v045,candidate_source_cell,complete_with_schema_gaps,PII,email,邮箱,0,False,{},pending,False,not_established,False,/Users/lzh/Downloads/Log 研究/agentlog_unified/schema-runs/aidev-v045/schema_type_summary.json,626ed4a11cf240e252148d8c4fa8b304d84572316eb634972d176848731a64c3
dataset_schema_context,aidev,aidev-v045,candidate_source_cell,complete_with_schema_gaps,PII,financial,个人金融信息,0,False,{},pending,False,not_established,False,/Users/lzh/Downloads/Log 研究/agentlog_unified/schema-runs/aidev-v045/schema_type_summary.json,626ed4a11cf240e252148d8c4fa8b304d84572316eb634972d176848731a64c3
dataset_schema_context,aidev,aidev-v045,candidate_source_cell,complete_with_schema_gaps,PII,government_identifier,政府证件标识,0,False,{},pending,False,not_established,False,/Users/lzh/Downloads/Log 研究/agentlog_unified/schema-runs/aidev-v045/schema_type_summary.json,626ed4a11cf240e252148d8c4fa8b304d84572316eb634972d176848731a64c3
dataset_schema_context,aidev,aidev-v045,candidate_source_cell,complete_with_schema_gaps,PII,medical,医疗健康信息,0,False,{},pending,False,not_established,False,/Users/lzh/Downloads/Log 研究/agentlog_unified/schema-runs/aidev-v045/schema_type_summary.json,626ed4a11cf240e252148d8c4fa8b304d84572316eb634972d176848731a64c3
dataset_schema_context,aidev,aidev-v045,candidate_source_cell,complete_with_schema_gaps,PII,person_name,个人姓名,0,False,{},pending,False,not_established,False,/Users/lzh/Downloads/Log 研究/agentlog_unified/schema-runs/aidev-v045/schema_type_summary.json,626ed4a11cf240e252148d8c4fa8b304d84572316eb634972d176848731a64c3
dataset_schema_context,aidev,aidev-v045,candidate_source_cell,complete_with_schema_gaps,PII,phone,电话,0,False,{},pending,False,not_established,False,/Users/lzh/Downloads/Log 研究/agentlog_unified/schema-runs/aidev-v045/schema_type_summary.json,626ed4a11cf240e252148d8c4fa8b304d84572316eb634972d176848731a64c3
dataset_schema_context,aidev,aidev-v045,candidate_source_cell,complete_with_schema_gaps,PII,postal_address,通信地址,0,False,{},pending,False,not_established,False,/Users/lzh/Downloads/Log 研究/agentlog_unified/schema-runs/aidev-v045/schema_type_summary.json,626ed4a11cf240e252148d8c4fa8b304d84572316eb634972d176848731a64c3
dataset_schema_context,aidev,aidev-v045,candidate_source_cell,complete_with_schema_gaps,PII,precise_location,精确位置候选,0,False,{},pending,False,not_established,False,/Users/lzh/Downloads/Log 研究/agentlog_unified/schema-runs/aidev-v045/schema_type_summary.json,626ed4a11cf240e252148d8c4fa8b304d84572316eb634972d176848731a64c3
dataset_schema_context,aidev,aidev-v045,candidate_source_cell,complete_with_schema_gaps,PII,unspecified_personal_information,细类待确定,0,False,{},pending,False,not_established,False,/Users/lzh/Downloads/Log 研究/agentlog_unified/schema-runs/aidev-v045/schema_type_summary.json,626ed4a11cf240e252148d8c4fa8b304d84572316eb634972d176848731a64c3
dataset_schema_context,aidev,aidev-v045,candidate_source_cell,complete_with_schema_gaps,QID,device_identifier,设备标识,0,False,{},pending,False,not_established,False,/Users/lzh/Downloads/Log 研究/agentlog_unified/schema-runs/aidev-v045/schema_type_summary.json,626ed4a11cf240e252148d8c4fa8b304d84572316eb634972d176848731a64c3
dataset_schema_context,aidev,aidev-v045,candidate_source_cell,complete_with_schema_gaps,QID,network_identifier,网络关联标识,0,False,{},pending,False,not_established,False,/Users/lzh/Downloads/Log 研究/agentlog_unified/schema-runs/aidev-v045/schema_type_summary.json,626ed4a11cf240e252148d8c4fa8b304d84572316eb634972d176848731a64c3
dataset_schema_context,aidev,aidev-v045,candidate_source_cell,complete_with_schema_gaps,QID,request_identifier,请求关联标识,0,False,{},pending,False,not_established,False,/Users/lzh/Downloads/Log 研究/agentlog_unified/schema-runs/aidev-v045/schema_type_summary.json,626ed4a11cf240e252148d8c4fa8b304d84572316eb634972d176848731a64c3
dataset_schema_context,aidev,aidev-v045,candidate_source_cell,complete_with_schema_gaps,QID,session_identifier,会话标识,0,False,{},pending,False,not_established,False,/Users/lzh/Downloads/Log 研究/agentlog_unified/schema-runs/aidev-v045/schema_type_summary.json,626ed4a11cf240e252148d8c4fa8b304d84572316eb634972d176848731a64c3
dataset_schema_context,aidev,aidev-v045,candidate_source_cell,complete_with_schema_gaps,QID,tenant_identifier,租户标识,0,False,{},pending,False,not_established,False,/Users/lzh/Downloads/Log 研究/agentlog_unified/schema-runs/aidev-v045/schema_type_summary.json,626ed4a11cf240e252148d8c4fa8b304d84572316eb634972d176848731a64c3
dataset_schema_context,aidev,aidev-v045,candidate_source_cell,complete_with_schema_gaps,QID,transaction_identifier,业务关联标识,0,False,{},pending,False,not_established,False,/Users/lzh/Downloads/Log 研究/agentlog_unified/schema-runs/aidev-v045/schema_type_summary.json,626ed4a11cf240e252148d8c4fa8b304d84572316eb634972d176848731a64c3
dataset_schema_context,aidev,aidev-v045,candidate_source_cell,complete_with_schema_gaps,QID,unspecified_linkable_identifier,细类待确定,0,False,{},pending,False,not_established,False,/Users/lzh/Downloads/Log 研究/agentlog_unified/schema-runs/aidev-v045/schema_type_summary.json,626ed4a11cf240e252148d8c4fa8b304d84572316eb634972d176848731a64c3
dataset_schema_context,aidev,aidev-v045,candidate_source_cell,complete_with_schema_gaps,QID,user_identifier,用户或账户标识,1160073,True,"{""schema_context_candidate"": 1160073}",pending,False,not_established,False,/Users/lzh/Downloads/Log 研究/agentlog_unified/schema-runs/aidev-v045/schema_type_summary.json,626ed4a11cf240e252148d8c4fa8b304d84572316eb634972d176848731a64c3
dataset_text_cell_rescan,aidev,aidev-v045-final,rescanned_source_cell_span_rule_type_occurrence,complete_with_semantic_gaps,AUTH,access_token,访问令牌,0,False,{},pending,False,not_established,False,/Users/lzh/Downloads/Log 研究/agentlog_unified/repair-runs/aidev-v045-final/scan/repair_type_summary.jsonl,e5bfc76e2a8df31cae5965686191157aef2f27ecef2e74e31743878d09429a69
dataset_text_cell_rescan,aidev,aidev-v045-final,rescanned_source_cell_span_rule_type_occurrence,complete_with_semantic_gaps,AUTH,api_key,服务密钥,0,False,{},pending,False,not_established,False,/Users/lzh/Downloads/Log 研究/agentlog_unified/repair-runs/aidev-v045-final/scan/repair_type_summary.jsonl,e5bfc76e2a8df31cae5965686191157aef2f27ecef2e74e31743878d09429a69
dataset_text_cell_rescan,aidev,aidev-v045-final,rescanned_source_cell_span_rule_type_occurrence,complete_with_semantic_gaps,AUTH,auth_cookie,认证 Cookie,0,False,{},pending,False,not_established,False,/Users/lzh/Downloads/Log 研究/agentlog_unified/repair-runs/aidev-v045-final/scan/repair_type_summary.jsonl,e5bfc76e2a8df31cae5965686191157aef2f27ecef2e74e31743878d09429a69
dataset_text_cell_rescan,aidev,aidev-v045-final,rescanned_source_cell_span_rule_type_occurrence,complete_with_semantic_gaps,AUTH,authorization_header,认证头,0,False,{},pending,False,not_established,False,/Users/lzh/Downloads/Log 研究/agentlog_unified/repair-runs/aidev-v045-final/scan/repair_type_summary.jsonl,e5bfc76e2a8df31cae5965686191157aef2f27ecef2e74e31743878d09429a69
dataset_text_cell_rescan,aidev,aidev-v045-final,rescanned_source_cell_span_rule_type_occurrence,complete_with_semantic_gaps,AUTH,credential_bundle,其他认证秘密或凭证对象,0,False,{},pending,False,not_established,False,/Users/lzh/Downloads/Log 研究/agentlog_unified/repair-runs/aidev-v045-final/scan/repair_type_summary.jsonl,e5bfc76e2a8df31cae5965686191157aef2f27ecef2e74e31743878d09429a69
dataset_text_cell_rescan,aidev,aidev-v045-final,rescanned_source_cell_span_rule_type_occurrence,complete_with_semantic_gaps,AUTH,password,密码,0,False,{},pending,False,not_established,False,/Users/lzh/Downloads/Log 研究/agentlog_unified/repair-runs/aidev-v045-final/scan/repair_type_summary.jsonl,e5bfc76e2a8df31cae5965686191157aef2f27ecef2e74e31743878d09429a69
dataset_text_cell_rescan,aidev,aidev-v045-final,rescanned_source_cell_span_rule_type_occurrence,complete_with_semantic_gaps,AUTH,private_key,私钥,0,False,{},pending,False,not_established,False,/Users/lzh/Downloads/Log 研究/agentlog_unified/repair-runs/aidev-v045-final/scan/repair_type_summary.jsonl,e5bfc76e2a8df31cae5965686191157aef2f27ecef2e74e31743878d09429a69
dataset_text_cell_rescan,aidev,aidev-v045-final,rescanned_source_cell_span_rule_type_occurrence,complete_with_semantic_gaps,BIZ,business_object,业务对象载体,2,True,"{""carrier_candidate"": 2}",pending,False,not_established,False,/Users/lzh/Downloads/Log 研究/agentlog_unified/repair-runs/aidev-v045-final/scan/repair_type_summary.jsonl,e5bfc76e2a8df31cae5965686191157aef2f27ecef2e74e31743878d09429a69
dataset_text_cell_rescan,aidev,aidev-v045-final,rescanned_source_cell_span_rule_type_occurrence,complete_with_semantic_gaps,BIZ,document_content,文档及内容载体,0,False,{},pending,False,not_established,False,/Users/lzh/Downloads/Log 研究/agentlog_unified/repair-runs/aidev-v045-final/scan/repair_type_summary.jsonl,e5bfc76e2a8df31cae5965686191157aef2f27ecef2e74e31743878d09429a69
dataset_text_cell_rescan,aidev,aidev-v045-final,rescanned_source_cell_span_rule_type_occurrence,complete_with_semantic_gaps,BIZ,http_headers,请求响应头载体,0,False,{},pending,False,not_established,False,/Users/lzh/Downloads/Log 研究/agentlog_unified/repair-runs/aidev-v045-final/scan/repair_type_summary.jsonl,e5bfc76e2a8df31cae5965686191157aef2f27ecef2e74e31743878d09429a69
dataset_text_cell_rescan,aidev,aidev-v045-final,rescanned_source_cell_span_rule_type_occurrence,complete_with_semantic_gaps,BIZ,message_content,业务聊天内容载体,0,False,{},pending,False,not_established,False,/Users/lzh/Downloads/Log 研究/agentlog_unified/repair-runs/aidev-v045-final/scan/repair_type_summary.jsonl,e5bfc76e2a8df31cae5965686191157aef2f27ecef2e74e31743878d09429a69
dataset_text_cell_rescan,aidev,aidev-v045-final,rescanned_source_cell_span_rule_type_occurrence,complete_with_semantic_gaps,BIZ,request_body,请求体载体,2,True,"{""identifier_reference"": 2}",pending,False,not_established,False,/Users/lzh/Downloads/Log 研究/agentlog_unified/repair-runs/aidev-v045-final/scan/repair_type_summary.jsonl,e5bfc76e2a8df31cae5965686191157aef2f27ecef2e74e31743878d09429a69
dataset_text_cell_rescan,aidev,aidev-v045-final,rescanned_source_cell_span_rule_type_occurrence,complete_with_semantic_gaps,BIZ,response_body,响应体载体,2,True,"{""carrier_candidate"": 2}",pending,False,not_established,False,/Users/lzh/Downloads/Log 研究/agentlog_unified/repair-runs/aidev-v045-final/scan/repair_type_summary.jsonl,e5bfc76e2a8df31cae5965686191157aef2f27ecef2e74e31743878d09429a69
dataset_text_cell_rescan,aidev,aidev-v045-final,rescanned_source_cell_span_rule_type_occurrence,complete_with_semantic_gaps,BIZ,unclassified_content,细类待确定,0,False,{},pending,False,not_established,False,/Users/lzh/Downloads/Log 研究/agentlog_unified/repair-runs/aidev-v045-final/scan/repair_type_summary.jsonl,e5bfc76e2a8df31cae5965686191157aef2f27ecef2e74e31743878d09429a69
dataset_text_cell_rescan,aidev,aidev-v045-final,rescanned_source_cell_span_rule_type_occurrence,complete_with_semantic_gaps,BIZ,unclassified_object,细类待确定,0,False,{},pending,False,not_established,False,/Users/lzh/Downloads/Log 研究/agentlog_unified/repair-runs/aidev-v045-final/scan/repair_type_summary.jsonl,e5bfc76e2a8df31cae5965686191157aef2f27ecef2e74e31743878d09429a69
dataset_text_cell_rescan,aidev,aidev-v045-final,rescanned_source_cell_span_rule_type_occurrence,complete_with_semantic_gaps,CFG,database_connection,数据库连接,0,False,{},pending,False,not_established,False,/Users/lzh/Downloads/Log 研究/agentlog_unified/repair-runs/aidev-v045-final/scan/repair_type_summary.jsonl,e5bfc76e2a8df31cae5965686191157aef2f27ecef2e74e31743878d09429a69
dataset_text_cell_rescan,aidev,aidev-v045-final,rescanned_source_cell_span_rule_type_occurrence,complete_with_semantic_gaps,CFG,deployment_configuration,配置及部署载体,0,False,{},pending,False,not_established,False,/Users/lzh/Downloads/Log 研究/agentlog_unified/repair-runs/aidev-v045-final/scan/repair_type_summary.jsonl,e5bfc76e2a8df31cae5965686191157aef2f27ecef2e74e31743878d09429a69
dataset_text_cell_rescan,aidev,aidev-v045-final,rescanned_source_cell_span_rule_type_occurrence,complete_with_semantic_gaps,CFG,environment,环境变量载体,0,False,{},pending,False,not_established,False,/Users/lzh/Downloads/Log 研究/agentlog_unified/repair-runs/aidev-v045-final/scan/repair_type_summary.jsonl,e5bfc76e2a8df31cae5965686191157aef2f27ecef2e74e31743878d09429a69
dataset_text_cell_rescan,aidev,aidev-v045-final,rescanned_source_cell_span_rule_type_occurrence,complete_with_semantic_gaps,CFG,filesystem_path,内部文件路径,0,False,{},pending,False,not_established,False,/Users/lzh/Downloads/Log 研究/agentlog_unified/repair-runs/aidev-v045-final/scan/repair_type_summary.jsonl,e5bfc76e2a8df31cae5965686191157aef2f27ecef2e74e31743878d09429a69
dataset_text_cell_rescan,aidev,aidev-v045-final,rescanned_source_cell_span_rule_type_occurrence,complete_with_semantic_gaps,CFG,internal_endpoint,内部端点,0,False,{},pending,False,not_established,False,/Users/lzh/Downloads/Log 研究/agentlog_unified/repair-runs/aidev-v045-final/scan/repair_type_summary.jsonl,e5bfc76e2a8df31cae5965686191157aef2f27ecef2e74e31743878d09429a69
dataset_text_cell_rescan,aidev,aidev-v045-final,rescanned_source_cell_span_rule_type_occurrence,complete_with_semantic_gaps,CFG,unclassified_internal_resource,细类待确定,0,False,{},pending,False,not_established,False,/Users/lzh/Downloads/Log 研究/agentlog_unified/repair-runs/aidev-v045-final/scan/repair_type_summary.jsonl,e5bfc76e2a8df31cae5965686191157aef2f27ecef2e74e31743878d09429a69
dataset_text_cell_rescan,aidev,aidev-v045-final,rescanned_source_cell_span_rule_type_occurrence,complete_with_semantic_gaps,DIAG,exception_message,异常内容载体,0,False,{},pending,False,not_established,False,/Users/lzh/Downloads/Log 研究/agentlog_unified/repair-runs/aidev-v045-final/scan/repair_type_summary.jsonl,e5bfc76e2a8df31cae5965686191157aef2f27ecef2e74e31743878d09429a69
dataset_text_cell_rescan,aidev,aidev-v045-final,rescanned_source_cell_span_rule_type_occurrence,complete_with_semantic_gaps,DIAG,failure_response,失败响应载体,0,False,{},pending,False,not_established,False,/Users/lzh/Downloads/Log 研究/agentlog_unified/repair-runs/aidev-v045-final/scan/repair_type_summary.jsonl,e5bfc76e2a8df31cae5965686191157aef2f27ecef2e74e31743878d09429a69
dataset_text_cell_rescan,aidev,aidev-v045-final,rescanned_source_cell_span_rule_type_occurrence,complete_with_semantic_gaps,DIAG,stack_trace,堆栈载体,0,False,{},pending,False,not_established,False,/Users/lzh/Downloads/Log 研究/agentlog_unified/repair-runs/aidev-v045-final/scan/repair_type_summary.jsonl,e5bfc76e2a8df31cae5965686191157aef2f27ecef2e74e31743878d09429a69
dataset_text_cell_rescan,aidev,aidev-v045-final,rescanned_source_cell_span_rule_type_occurrence,complete_with_semantic_gaps,PII,biometric,生物特征,0,False,{},pending,False,not_established,False,/Users/lzh/Downloads/Log 研究/agentlog_unified/repair-runs/aidev-v045-final/scan/repair_type_summary.jsonl,e5bfc76e2a8df31cae5965686191157aef2f27ecef2e74e31743878d09429a69
dataset_text_cell_rescan,aidev,aidev-v045-final,rescanned_source_cell_span_rule_type_occurrence,complete_with_semantic_gaps,PII,email,邮箱,0,False,{},pending,False,not_established,False,/Users/lzh/Downloads/Log 研究/agentlog_unified/repair-runs/aidev-v045-final/scan/repair_type_summary.jsonl,e5bfc76e2a8df31cae5965686191157aef2f27ecef2e74e31743878d09429a69
dataset_text_cell_rescan,aidev,aidev-v045-final,rescanned_source_cell_span_rule_type_occurrence,complete_with_semantic_gaps,PII,financial,个人金融信息,0,False,{},pending,False,not_established,False,/Users/lzh/Downloads/Log 研究/agentlog_unified/repair-runs/aidev-v045-final/scan/repair_type_summary.jsonl,e5bfc76e2a8df31cae5965686191157aef2f27ecef2e74e31743878d09429a69
dataset_text_cell_rescan,aidev,aidev-v045-final,rescanned_source_cell_span_rule_type_occurrence,complete_with_semantic_gaps,PII,government_identifier,政府证件标识,0,False,{},pending,False,not_established,False,/Users/lzh/Downloads/Log 研究/agentlog_unified/repair-runs/aidev-v045-final/scan/repair_type_summary.jsonl,e5bfc76e2a8df31cae5965686191157aef2f27ecef2e74e31743878d09429a69
dataset_text_cell_rescan,aidev,aidev-v045-final,rescanned_source_cell_span_rule_type_occurrence,complete_with_semantic_gaps,PII,medical,医疗健康信息,0,False,{},pending,False,not_established,False,/Users/lzh/Downloads/Log 研究/agentlog_unified/repair-runs/aidev-v045-final/scan/repair_type_summary.jsonl,e5bfc76e2a8df31cae5965686191157aef2f27ecef2e74e31743878d09429a69
dataset_text_cell_rescan,aidev,aidev-v045-final,rescanned_source_cell_span_rule_type_occurrence,complete_with_semantic_gaps,PII,person_name,个人姓名,0,False,{},pending,False,not_established,False,/Users/lzh/Downloads/Log 研究/agentlog_unified/repair-runs/aidev-v045-final/scan/repair_type_summary.jsonl,e5bfc76e2a8df31cae5965686191157aef2f27ecef2e74e31743878d09429a69
dataset_text_cell_rescan,aidev,aidev-v045-final,rescanned_source_cell_span_rule_type_occurrence,complete_with_semantic_gaps,PII,phone,电话,0,False,{},pending,False,not_established,False,/Users/lzh/Downloads/Log 研究/agentlog_unified/repair-runs/aidev-v045-final/scan/repair_type_summary.jsonl,e5bfc76e2a8df31cae5965686191157aef2f27ecef2e74e31743878d09429a69
dataset_text_cell_rescan,aidev,aidev-v045-final,rescanned_source_cell_span_rule_type_occurrence,complete_with_semantic_gaps,PII,postal_address,通信地址,0,False,{},pending,False,not_established,False,/Users/lzh/Downloads/Log 研究/agentlog_unified/repair-runs/aidev-v045-final/scan/repair_type_summary.jsonl,e5bfc76e2a8df31cae5965686191157aef2f27ecef2e74e31743878d09429a69
dataset_text_cell_rescan,aidev,aidev-v045-final,rescanned_source_cell_span_rule_type_occurrence,complete_with_semantic_gaps,PII,precise_location,精确位置候选,0,False,{},pending,False,not_established,False,/Users/lzh/Downloads/Log 研究/agentlog_unified/repair-runs/aidev-v045-final/scan/repair_type_summary.jsonl,e5bfc76e2a8df31cae5965686191157aef2f27ecef2e74e31743878d09429a69
dataset_text_cell_rescan,aidev,aidev-v045-final,rescanned_source_cell_span_rule_type_occurrence,complete_with_semantic_gaps,PII,unspecified_personal_information,细类待确定,0,False,{},pending,False,not_established,False,/Users/lzh/Downloads/Log 研究/agentlog_unified/repair-runs/aidev-v045-final/scan/repair_type_summary.jsonl,e5bfc76e2a8df31cae5965686191157aef2f27ecef2e74e31743878d09429a69
dataset_text_cell_rescan,aidev,aidev-v045-final,rescanned_source_cell_span_rule_type_occurrence,complete_with_semantic_gaps,QID,device_identifier,设备标识,0,False,{},pending,False,not_established,False,/Users/lzh/Downloads/Log 研究/agentlog_unified/repair-runs/aidev-v045-final/scan/repair_type_summary.jsonl,e5bfc76e2a8df31cae5965686191157aef2f27ecef2e74e31743878d09429a69
dataset_text_cell_rescan,aidev,aidev-v045-final,rescanned_source_cell_span_rule_type_occurrence,complete_with_semantic_gaps,QID,network_identifier,网络关联标识,4106,True,"{""literal_candidate"": 4106}",pending,False,not_established,False,/Users/lzh/Downloads/Log 研究/agentlog_unified/repair-runs/aidev-v045-final/scan/repair_type_summary.jsonl,e5bfc76e2a8df31cae5965686191157aef2f27ecef2e74e31743878d09429a69
dataset_text_cell_rescan,aidev,aidev-v045-final,rescanned_source_cell_span_rule_type_occurrence,complete_with_semantic_gaps,QID,request_identifier,请求关联标识,0,False,{},pending,False,not_established,False,/Users/lzh/Downloads/Log 研究/agentlog_unified/repair-runs/aidev-v045-final/scan/repair_type_summary.jsonl,e5bfc76e2a8df31cae5965686191157aef2f27ecef2e74e31743878d09429a69
dataset_text_cell_rescan,aidev,aidev-v045-final,rescanned_source_cell_span_rule_type_occurrence,complete_with_semantic_gaps,QID,session_identifier,会话标识,0,False,{},pending,False,not_established,False,/Users/lzh/Downloads/Log 研究/agentlog_unified/repair-runs/aidev-v045-final/scan/repair_type_summary.jsonl,e5bfc76e2a8df31cae5965686191157aef2f27ecef2e74e31743878d09429a69
dataset_text_cell_rescan,aidev,aidev-v045-final,rescanned_source_cell_span_rule_type_occurrence,complete_with_semantic_gaps,QID,tenant_identifier,租户标识,0,False,{},pending,False,not_established,False,/Users/lzh/Downloads/Log 研究/agentlog_unified/repair-runs/aidev-v045-final/scan/repair_type_summary.jsonl,e5bfc76e2a8df31cae5965686191157aef2f27ecef2e74e31743878d09429a69
dataset_text_cell_rescan,aidev,aidev-v045-final,rescanned_source_cell_span_rule_type_occurrence,complete_with_semantic_gaps,QID,transaction_identifier,业务关联标识,0,False,{},pending,False,not_established,False,/Users/lzh/Downloads/Log 研究/agentlog_unified/repair-runs/aidev-v045-final/scan/repair_type_summary.jsonl,e5bfc76e2a8df31cae5965686191157aef2f27ecef2e74e31743878d09429a69
dataset_text_cell_rescan,aidev,aidev-v045-final,rescanned_source_cell_span_rule_type_occurrence,complete_with_semantic_gaps,QID,unspecified_linkable_identifier,细类待确定,0,False,{},pending,False,not_established,False,/Users/lzh/Downloads/Log 研究/agentlog_unified/repair-runs/aidev-v045-final/scan/repair_type_summary.jsonl,e5bfc76e2a8df31cae5965686191157aef2f27ecef2e74e31743878d09429a69
dataset_text_cell_rescan,aidev,aidev-v045-final,rescanned_source_cell_span_rule_type_occurrence,complete_with_semantic_gaps,QID,user_identifier,用户或账户标识,0,False,{},pending,False,not_established,False,/Users/lzh/Downloads/Log 研究/agentlog_unified/repair-runs/aidev-v045-final/scan/repair_type_summary.jsonl,e5bfc76e2a8df31cae5965686191157aef2f27ecef2e74e31743878d09429a69
dataset_text_cells,swechat,swechat-v044,source_cell_span_rule_type_occurrence,partial,AUTH,access_token,访问令牌,60178,True,"{""identifier_reference"": 27695, ""literal_candidate"": 70, ""named_value_candidate"": 32413}",pending,False,not_established,False,/Users/lzh/Downloads/Log 研究/agentlog_unified/content-runs/swechat-v044/content_type_summary.json,341eac967299a2c8273c60b3f1b21b9429ef217f3c1e80c2aa3c7815b968084f
dataset_text_cells,swechat,swechat-v044,source_cell_span_rule_type_occurrence,partial,AUTH,api_key,服务密钥,27656,True,"{""identifier_reference"": 14006, ""literal_candidate"": 60, ""named_value_candidate"": 13590}",pending,False,not_established,False,/Users/lzh/Downloads/Log 研究/agentlog_unified/content-runs/swechat-v044/content_type_summary.json,341eac967299a2c8273c60b3f1b21b9429ef217f3c1e80c2aa3c7815b968084f
dataset_text_cells,swechat,swechat-v044,source_cell_span_rule_type_occurrence,partial,AUTH,auth_cookie,认证 Cookie,2713,True,"{""identifier_reference"": 761, ""named_value_candidate"": 1952}",pending,False,not_established,False,/Users/lzh/Downloads/Log 研究/agentlog_unified/content-runs/swechat-v044/content_type_summary.json,341eac967299a2c8273c60b3f1b21b9429ef217f3c1e80c2aa3c7815b968084f
dataset_text_cells,swechat,swechat-v044,source_cell_span_rule_type_occurrence,partial,AUTH,authorization_header,认证头,15853,True,"{""identifier_reference"": 9992, ""literal_candidate"": 1412, ""named_value_candidate"": 4449}",pending,False,not_established,False,/Users/lzh/Downloads/Log 研究/agentlog_unified/content-runs/swechat-v044/content_type_summary.json,341eac967299a2c8273c60b3f1b21b9429ef217f3c1e80c2aa3c7815b968084f
dataset_text_cells,swechat,swechat-v044,source_cell_span_rule_type_occurrence,partial,AUTH,credential_bundle,其他认证秘密或凭证对象,11587,True,"{""identifier_reference"": 3903, ""literal_candidate"": 838, ""named_value_candidate"": 6846}",pending,False,not_established,False,/Users/lzh/Downloads/Log 研究/agentlog_unified/content-runs/swechat-v044/content_type_summary.json,341eac967299a2c8273c60b3f1b21b9429ef217f3c1e80c2aa3c7815b968084f
dataset_text_cells,swechat,swechat-v044,source_cell_span_rule_type_occurrence,partial,AUTH,password,密码,9937,True,"{""identifier_reference"": 4558, ""named_value_candidate"": 5379}",pending,False,not_established,False,/Users/lzh/Downloads/Log 研究/agentlog_unified/content-runs/swechat-v044/content_type_summary.json,341eac967299a2c8273c60b3f1b21b9429ef217f3c1e80c2aa3c7815b968084f
dataset_text_cells,swechat,swechat-v044,source_cell_span_rule_type_occurrence,partial,AUTH,private_key,私钥,10788,True,"{""identifier_reference"": 6950, ""literal_candidate"": 33, ""named_value_candidate"": 3805}",pending,False,not_established,False,/Users/lzh/Downloads/Log 研究/agentlog_unified/content-runs/swechat-v044/content_type_summary.json,341eac967299a2c8273c60b3f1b21b9429ef217f3c1e80c2aa3c7815b968084f
dataset_text_cells,swechat,swechat-v044,source_cell_span_rule_type_occurrence,partial,BIZ,business_object,业务对象载体,203192,True,"{""carrier_candidate"": 104014, ""identifier_reference"": 99178}",pending,False,not_established,False,/Users/lzh/Downloads/Log 研究/agentlog_unified/content-runs/swechat-v044/content_type_summary.json,341eac967299a2c8273c60b3f1b21b9429ef217f3c1e80c2aa3c7815b968084f
dataset_text_cells,swechat,swechat-v044,source_cell_span_rule_type_occurrence,partial,BIZ,document_content,文档及内容载体,244302,True,"{""carrier_candidate"": 146541, ""identifier_reference"": 97761}",pending,False,not_established,False,/Users/lzh/Downloads/Log 研究/agentlog_unified/content-runs/swechat-v044/content_type_summary.json,341eac967299a2c8273c60b3f1b21b9429ef217f3c1e80c2aa3c7815b968084f
dataset_text_cells,swechat,swechat-v044,source_cell_span_rule_type_occurrence,partial,BIZ,http_headers,请求响应头载体,46926,True,"{""carrier_candidate"": 14043, ""identifier_reference"": 32883}",pending,False,not_established,False,/Users/lzh/Downloads/Log 研究/agentlog_unified/content-runs/swechat-v044/content_type_summary.json,341eac967299a2c8273c60b3f1b21b9429ef217f3c1e80c2aa3c7815b968084f
dataset_text_cells,swechat,swechat-v044,source_cell_span_rule_type_occurrence,partial,BIZ,message_content,业务聊天内容载体,2843,True,"{""carrier_candidate"": 2169, ""identifier_reference"": 674}",pending,False,not_established,False,/Users/lzh/Downloads/Log 研究/agentlog_unified/content-runs/swechat-v044/content_type_summary.json,341eac967299a2c8273c60b3f1b21b9429ef217f3c1e80c2aa3c7815b968084f
dataset_text_cells,swechat,swechat-v044,source_cell_span_rule_type_occurrence,partial,BIZ,request_body,请求体载体,73417,True,"{""carrier_candidate"": 41127, ""identifier_reference"": 32290}",pending,False,not_established,False,/Users/lzh/Downloads/Log 研究/agentlog_unified/content-runs/swechat-v044/content_type_summary.json,341eac967299a2c8273c60b3f1b21b9429ef217f3c1e80c2aa3c7815b968084f
dataset_text_cells,swechat,swechat-v044,source_cell_span_rule_type_occurrence,partial,BIZ,response_body,响应体载体,55477,True,"{""carrier_candidate"": 19524, ""identifier_reference"": 35953}",pending,False,not_established,False,/Users/lzh/Downloads/Log 研究/agentlog_unified/content-runs/swechat-v044/content_type_summary.json,341eac967299a2c8273c60b3f1b21b9429ef217f3c1e80c2aa3c7815b968084f
dataset_text_cells,swechat,swechat-v044,source_cell_span_rule_type_occurrence,partial,BIZ,unclassified_content,细类待确定,0,False,{},pending,False,not_established,False,/Users/lzh/Downloads/Log 研究/agentlog_unified/content-runs/swechat-v044/content_type_summary.json,341eac967299a2c8273c60b3f1b21b9429ef217f3c1e80c2aa3c7815b968084f
dataset_text_cells,swechat,swechat-v044,source_cell_span_rule_type_occurrence,partial,BIZ,unclassified_object,细类待确定,0,False,{},pending,False,not_established,False,/Users/lzh/Downloads/Log 研究/agentlog_unified/content-runs/swechat-v044/content_type_summary.json,341eac967299a2c8273c60b3f1b21b9429ef217f3c1e80c2aa3c7815b968084f
dataset_text_cells,swechat,swechat-v044,source_cell_span_rule_type_occurrence,partial,CFG,database_connection,数据库连接,2356,True,"{""identifier_reference"": 916, ""named_value_candidate"": 1440}",pending,False,not_established,False,/Users/lzh/Downloads/Log 研究/agentlog_unified/content-runs/swechat-v044/content_type_summary.json,341eac967299a2c8273c60b3f1b21b9429ef217f3c1e80c2aa3c7815b968084f
dataset_text_cells,swechat,swechat-v044,source_cell_span_rule_type_occurrence,partial,CFG,deployment_configuration,配置及部署载体,84516,True,"{""carrier_candidate"": 50520, ""identifier_reference"": 33996}",pending,False,not_established,False,/Users/lzh/Downloads/Log 研究/agentlog_unified/content-runs/swechat-v044/content_type_summary.json,341eac967299a2c8273c60b3f1b21b9429ef217f3c1e80c2aa3c7815b968084f
dataset_text_cells,swechat,swechat-v044,source_cell_span_rule_type_occurrence,partial,CFG,environment,环境变量载体,36811,True,"{""carrier_candidate"": 24603, ""identifier_reference"": 12208}",pending,False,not_established,False,/Users/lzh/Downloads/Log 研究/agentlog_unified/content-runs/swechat-v044/content_type_summary.json,341eac967299a2c8273c60b3f1b21b9429ef217f3c1e80c2aa3c7815b968084f
dataset_text_cells,swechat,swechat-v044,source_cell_span_rule_type_occurrence,partial,CFG,filesystem_path,内部文件路径,418153,True,"{""identifier_reference"": 4510, ""named_value_candidate"": 413643}",pending,False,not_established,False,/Users/lzh/Downloads/Log 研究/agentlog_unified/content-runs/swechat-v044/content_type_summary.json,341eac967299a2c8273c60b3f1b21b9429ef217f3c1e80c2aa3c7815b968084f
dataset_text_cells,swechat,swechat-v044,source_cell_span_rule_type_occurrence,partial,CFG,internal_endpoint,内部端点,4,True,"{""identifier_reference"": 4}",pending,False,not_established,False,/Users/lzh/Downloads/Log 研究/agentlog_unified/content-runs/swechat-v044/content_type_summary.json,341eac967299a2c8273c60b3f1b21b9429ef217f3c1e80c2aa3c7815b968084f
dataset_text_cells,swechat,swechat-v044,source_cell_span_rule_type_occurrence,partial,CFG,unclassified_internal_resource,细类待确定,0,False,{},pending,False,not_established,False,/Users/lzh/Downloads/Log 研究/agentlog_unified/content-runs/swechat-v044/content_type_summary.json,341eac967299a2c8273c60b3f1b21b9429ef217f3c1e80c2aa3c7815b968084f
dataset_text_cells,swechat,swechat-v044,source_cell_span_rule_type_occurrence,partial,DIAG,exception_message,异常内容载体,604724,True,"{""carrier_candidate"": 503365, ""identifier_reference"": 101359}",pending,False,not_established,False,/Users/lzh/Downloads/Log 研究/agentlog_unified/content-runs/swechat-v044/content_type_summary.json,341eac967299a2c8273c60b3f1b21b9429ef217f3c1e80c2aa3c7815b968084f
dataset_text_cells,swechat,swechat-v044,source_cell_span_rule_type_occurrence,partial,DIAG,failure_response,失败响应载体,125,True,"{""carrier_candidate"": 25, ""identifier_reference"": 100}",pending,False,not_established,False,/Users/lzh/Downloads/Log 研究/agentlog_unified/content-runs/swechat-v044/content_type_summary.json,341eac967299a2c8273c60b3f1b21b9429ef217f3c1e80c2aa3c7815b968084f
dataset_text_cells,swechat,swechat-v044,source_cell_span_rule_type_occurrence,partial,DIAG,stack_trace,堆栈载体,5500,True,"{""carrier_candidate"": 3664, ""identifier_reference"": 1836}",pending,False,not_established,False,/Users/lzh/Downloads/Log 研究/agentlog_unified/content-runs/swechat-v044/content_type_summary.json,341eac967299a2c8273c60b3f1b21b9429ef217f3c1e80c2aa3c7815b968084f
dataset_text_cells,swechat,swechat-v044,source_cell_span_rule_type_occurrence,partial,PII,biometric,生物特征,0,False,{},pending,False,not_established,False,/Users/lzh/Downloads/Log 研究/agentlog_unified/content-runs/swechat-v044/content_type_summary.json,341eac967299a2c8273c60b3f1b21b9429ef217f3c1e80c2aa3c7815b968084f
dataset_text_cells,swechat,swechat-v044,source_cell_span_rule_type_occurrence,partial,PII,email,邮箱,126754,True,"{""identifier_reference"": 9873, ""literal_candidate"": 98746, ""named_value_candidate"": 18135}",pending,False,not_established,False,/Users/lzh/Downloads/Log 研究/agentlog_unified/content-runs/swechat-v044/content_type_summary.json,341eac967299a2c8273c60b3f1b21b9429ef217f3c1e80c2aa3c7815b968084f
dataset_text_cells,swechat,swechat-v044,source_cell_span_rule_type_occurrence,partial,PII,financial,个人金融信息,99,True,"{""identifier_reference"": 40, ""named_value_candidate"": 59}",pending,False,not_established,False,/Users/lzh/Downloads/Log 研究/agentlog_unified/content-runs/swechat-v044/content_type_summary.json,341eac967299a2c8273c60b3f1b21b9429ef217f3c1e80c2aa3c7815b968084f
dataset_text_cells,swechat,swechat-v044,source_cell_span_rule_type_occurrence,partial,PII,government_identifier,政府证件标识,1,True,"{""identifier_reference"": 1}",pending,False,not_established,False,/Users/lzh/Downloads/Log 研究/agentlog_unified/content-runs/swechat-v044/content_type_summary.json,341eac967299a2c8273c60b3f1b21b9429ef217f3c1e80c2aa3c7815b968084f
dataset_text_cells,swechat,swechat-v044,source_cell_span_rule_type_occurrence,partial,PII,medical,医疗健康信息,523,True,"{""identifier_reference"": 192, ""named_value_candidate"": 331}",pending,False,not_established,False,/Users/lzh/Downloads/Log 研究/agentlog_unified/content-runs/swechat-v044/content_type_summary.json,341eac967299a2c8273c60b3f1b21b9429ef217f3c1e80c2aa3c7815b968084f
dataset_text_cells,swechat,swechat-v044,source_cell_span_rule_type_occurrence,partial,PII,person_name,个人姓名,13573,True,"{""identifier_reference"": 7017, ""named_value_candidate"": 6556}",pending,False,not_established,False,/Users/lzh/Downloads/Log 研究/agentlog_unified/content-runs/swechat-v044/content_type_summary.json,341eac967299a2c8273c60b3f1b21b9429ef217f3c1e80c2aa3c7815b968084f
dataset_text_cells,swechat,swechat-v044,source_cell_span_rule_type_occurrence,partial,PII,phone,电话,440,True,"{""identifier_reference"": 250, ""named_value_candidate"": 190}",pending,False,not_established,False,/Users/lzh/Downloads/Log 研究/agentlog_unified/content-runs/swechat-v044/content_type_summary.json,341eac967299a2c8273c60b3f1b21b9429ef217f3c1e80c2aa3c7815b968084f
dataset_text_cells,swechat,swechat-v044,source_cell_span_rule_type_occurrence,partial,PII,postal_address,通信地址,3814,True,"{""identifier_reference"": 1815, ""named_value_candidate"": 1999}",pending,False,not_established,False,/Users/lzh/Downloads/Log 研究/agentlog_unified/content-runs/swechat-v044/content_type_summary.json,341eac967299a2c8273c60b3f1b21b9429ef217f3c1e80c2aa3c7815b968084f
dataset_text_cells,swechat,swechat-v044,source_cell_span_rule_type_occurrence,partial,PII,precise_location,精确位置候选,455,True,"{""identifier_reference"": 165, ""named_value_candidate"": 290}",pending,False,not_established,False,/Users/lzh/Downloads/Log 研究/agentlog_unified/content-runs/swechat-v044/content_type_summary.json,341eac967299a2c8273c60b3f1b21b9429ef217f3c1e80c2aa3c7815b968084f
dataset_text_cells,swechat,swechat-v044,source_cell_span_rule_type_occurrence,partial,PII,unspecified_personal_information,细类待确定,0,False,{},pending,False,not_established,False,/Users/lzh/Downloads/Log 研究/agentlog_unified/content-runs/swechat-v044/content_type_summary.json,341eac967299a2c8273c60b3f1b21b9429ef217f3c1e80c2aa3c7815b968084f
dataset_text_cells,swechat,swechat-v044,source_cell_span_rule_type_occurrence,partial,QID,device_identifier,设备标识,1731,True,"{""identifier_reference"": 906, ""named_value_candidate"": 825}",pending,False,not_established,False,/Users/lzh/Downloads/Log 研究/agentlog_unified/content-runs/swechat-v044/content_type_summary.json,341eac967299a2c8273c60b3f1b21b9429ef217f3c1e80c2aa3c7815b968084f
dataset_text_cells,swechat,swechat-v044,source_cell_span_rule_type_occurrence,partial,QID,network_identifier,网络关联标识,33294,True,"{""identifier_reference"": 525, ""literal_candidate"": 31743, ""named_value_candidate"": 1026}",pending,False,not_established,False,/Users/lzh/Downloads/Log 研究/agentlog_unified/content-runs/swechat-v044/content_type_summary.json,341eac967299a2c8273c60b3f1b21b9429ef217f3c1e80c2aa3c7815b968084f
dataset_text_cells,swechat,swechat-v044,source_cell_span_rule_type_occurrence,partial,QID,request_identifier,请求关联标识,22965,True,"{""identifier_reference"": 2498, ""named_value_candidate"": 20467}",pending,False,not_established,False,/Users/lzh/Downloads/Log 研究/agentlog_unified/content-runs/swechat-v044/content_type_summary.json,341eac967299a2c8273c60b3f1b21b9429ef217f3c1e80c2aa3c7815b968084f
dataset_text_cells,swechat,swechat-v044,source_cell_span_rule_type_occurrence,partial,QID,session_identifier,会话标识,204538,True,"{""identifier_reference"": 45092, ""named_value_candidate"": 159446}",pending,False,not_established,False,/Users/lzh/Downloads/Log 研究/agentlog_unified/content-runs/swechat-v044/content_type_summary.json,341eac967299a2c8273c60b3f1b21b9429ef217f3c1e80c2aa3c7815b968084f
dataset_text_cells,swechat,swechat-v044,source_cell_span_rule_type_occurrence,partial,QID,tenant_identifier,租户标识,98,True,"{""identifier_reference"": 30, ""named_value_candidate"": 68}",pending,False,not_established,False,/Users/lzh/Downloads/Log 研究/agentlog_unified/content-runs/swechat-v044/content_type_summary.json,341eac967299a2c8273c60b3f1b21b9429ef217f3c1e80c2aa3c7815b968084f
dataset_text_cells,swechat,swechat-v044,source_cell_span_rule_type_occurrence,partial,QID,transaction_identifier,业务关联标识,979,True,"{""identifier_reference"": 584, ""named_value_candidate"": 395}",pending,False,not_established,False,/Users/lzh/Downloads/Log 研究/agentlog_unified/content-runs/swechat-v044/content_type_summary.json,341eac967299a2c8273c60b3f1b21b9429ef217f3c1e80c2aa3c7815b968084f
dataset_text_cells,swechat,swechat-v044,source_cell_span_rule_type_occurrence,partial,QID,unspecified_linkable_identifier,细类待确定,0,False,{},pending,False,not_established,False,/Users/lzh/Downloads/Log 研究/agentlog_unified/content-runs/swechat-v044/content_type_summary.json,341eac967299a2c8273c60b3f1b21b9429ef217f3c1e80c2aa3c7815b968084f
dataset_text_cells,swechat,swechat-v044,source_cell_span_rule_type_occurrence,partial,QID,user_identifier,用户或账户标识,25336,True,"{""identifier_reference"": 11889, ""named_value_candidate"": 13447}",pending,False,not_established,False,/Users/lzh/Downloads/Log 研究/agentlog_unified/content-runs/swechat-v044/content_type_summary.json,341eac967299a2c8273c60b3f1b21b9429ef217f3c1e80c2aa3c7815b968084f
dataset_schema_context,swechat,swechat-v045,candidate_source_cell,complete_with_schema_gaps,AUTH,access_token,访问令牌,0,False,{},pending,False,not_established,False,/Users/lzh/Downloads/Log 研究/agentlog_unified/schema-runs/swechat-v045/schema_type_summary.json,ac434c68f0712a93552ea13abd2e219efa4a959c6b9cbcff0ffbc1141b8fb7b0
dataset_schema_context,swechat,swechat-v045,candidate_source_cell,complete_with_schema_gaps,AUTH,api_key,服务密钥,0,False,{},pending,False,not_established,False,/Users/lzh/Downloads/Log 研究/agentlog_unified/schema-runs/swechat-v045/schema_type_summary.json,ac434c68f0712a93552ea13abd2e219efa4a959c6b9cbcff0ffbc1141b8fb7b0
dataset_schema_context,swechat,swechat-v045,candidate_source_cell,complete_with_schema_gaps,AUTH,auth_cookie,认证 Cookie,0,False,{},pending,False,not_established,False,/Users/lzh/Downloads/Log 研究/agentlog_unified/schema-runs/swechat-v045/schema_type_summary.json,ac434c68f0712a93552ea13abd2e219efa4a959c6b9cbcff0ffbc1141b8fb7b0
dataset_schema_context,swechat,swechat-v045,candidate_source_cell,complete_with_schema_gaps,AUTH,authorization_header,认证头,0,False,{},pending,False,not_established,False,/Users/lzh/Downloads/Log 研究/agentlog_unified/schema-runs/swechat-v045/schema_type_summary.json,ac434c68f0712a93552ea13abd2e219efa4a959c6b9cbcff0ffbc1141b8fb7b0
dataset_schema_context,swechat,swechat-v045,candidate_source_cell,complete_with_schema_gaps,AUTH,credential_bundle,其他认证秘密或凭证对象,0,False,{},pending,False,not_established,False,/Users/lzh/Downloads/Log 研究/agentlog_unified/schema-runs/swechat-v045/schema_type_summary.json,ac434c68f0712a93552ea13abd2e219efa4a959c6b9cbcff0ffbc1141b8fb7b0
dataset_schema_context,swechat,swechat-v045,candidate_source_cell,complete_with_schema_gaps,AUTH,password,密码,0,False,{},pending,False,not_established,False,/Users/lzh/Downloads/Log 研究/agentlog_unified/schema-runs/swechat-v045/schema_type_summary.json,ac434c68f0712a93552ea13abd2e219efa4a959c6b9cbcff0ffbc1141b8fb7b0
dataset_schema_context,swechat,swechat-v045,candidate_source_cell,complete_with_schema_gaps,AUTH,private_key,私钥,0,False,{},pending,False,not_established,False,/Users/lzh/Downloads/Log 研究/agentlog_unified/schema-runs/swechat-v045/schema_type_summary.json,ac434c68f0712a93552ea13abd2e219efa4a959c6b9cbcff0ffbc1141b8fb7b0
dataset_schema_context,swechat,swechat-v045,candidate_source_cell,complete_with_schema_gaps,BIZ,business_object,业务对象载体,0,False,{},pending,False,not_established,False,/Users/lzh/Downloads/Log 研究/agentlog_unified/schema-runs/swechat-v045/schema_type_summary.json,ac434c68f0712a93552ea13abd2e219efa4a959c6b9cbcff0ffbc1141b8fb7b0
dataset_schema_context,swechat,swechat-v045,candidate_source_cell,complete_with_schema_gaps,BIZ,document_content,文档及内容载体,0,False,{},pending,False,not_established,False,/Users/lzh/Downloads/Log 研究/agentlog_unified/schema-runs/swechat-v045/schema_type_summary.json,ac434c68f0712a93552ea13abd2e219efa4a959c6b9cbcff0ffbc1141b8fb7b0
dataset_schema_context,swechat,swechat-v045,candidate_source_cell,complete_with_schema_gaps,BIZ,http_headers,请求响应头载体,0,False,{},pending,False,not_established,False,/Users/lzh/Downloads/Log 研究/agentlog_unified/schema-runs/swechat-v045/schema_type_summary.json,ac434c68f0712a93552ea13abd2e219efa4a959c6b9cbcff0ffbc1141b8fb7b0
dataset_schema_context,swechat,swechat-v045,candidate_source_cell,complete_with_schema_gaps,BIZ,message_content,业务聊天内容载体,0,False,{},pending,False,not_established,False,/Users/lzh/Downloads/Log 研究/agentlog_unified/schema-runs/swechat-v045/schema_type_summary.json,ac434c68f0712a93552ea13abd2e219efa4a959c6b9cbcff0ffbc1141b8fb7b0
dataset_schema_context,swechat,swechat-v045,candidate_source_cell,complete_with_schema_gaps,BIZ,request_body,请求体载体,0,False,{},pending,False,not_established,False,/Users/lzh/Downloads/Log 研究/agentlog_unified/schema-runs/swechat-v045/schema_type_summary.json,ac434c68f0712a93552ea13abd2e219efa4a959c6b9cbcff0ffbc1141b8fb7b0
dataset_schema_context,swechat,swechat-v045,candidate_source_cell,complete_with_schema_gaps,BIZ,response_body,响应体载体,0,False,{},pending,False,not_established,False,/Users/lzh/Downloads/Log 研究/agentlog_unified/schema-runs/swechat-v045/schema_type_summary.json,ac434c68f0712a93552ea13abd2e219efa4a959c6b9cbcff0ffbc1141b8fb7b0
dataset_schema_context,swechat,swechat-v045,candidate_source_cell,complete_with_schema_gaps,BIZ,unclassified_content,细类待确定,0,False,{},pending,False,not_established,False,/Users/lzh/Downloads/Log 研究/agentlog_unified/schema-runs/swechat-v045/schema_type_summary.json,ac434c68f0712a93552ea13abd2e219efa4a959c6b9cbcff0ffbc1141b8fb7b0
dataset_schema_context,swechat,swechat-v045,candidate_source_cell,complete_with_schema_gaps,BIZ,unclassified_object,细类待确定,0,False,{},pending,False,not_established,False,/Users/lzh/Downloads/Log 研究/agentlog_unified/schema-runs/swechat-v045/schema_type_summary.json,ac434c68f0712a93552ea13abd2e219efa4a959c6b9cbcff0ffbc1141b8fb7b0
dataset_schema_context,swechat,swechat-v045,candidate_source_cell,complete_with_schema_gaps,CFG,database_connection,数据库连接,0,False,{},pending,False,not_established,False,/Users/lzh/Downloads/Log 研究/agentlog_unified/schema-runs/swechat-v045/schema_type_summary.json,ac434c68f0712a93552ea13abd2e219efa4a959c6b9cbcff0ffbc1141b8fb7b0
dataset_schema_context,swechat,swechat-v045,candidate_source_cell,complete_with_schema_gaps,CFG,deployment_configuration,配置及部署载体,0,False,{},pending,False,not_established,False,/Users/lzh/Downloads/Log 研究/agentlog_unified/schema-runs/swechat-v045/schema_type_summary.json,ac434c68f0712a93552ea13abd2e219efa4a959c6b9cbcff0ffbc1141b8fb7b0
dataset_schema_context,swechat,swechat-v045,candidate_source_cell,complete_with_schema_gaps,CFG,environment,环境变量载体,0,False,{},pending,False,not_established,False,/Users/lzh/Downloads/Log 研究/agentlog_unified/schema-runs/swechat-v045/schema_type_summary.json,ac434c68f0712a93552ea13abd2e219efa4a959c6b9cbcff0ffbc1141b8fb7b0
dataset_schema_context,swechat,swechat-v045,candidate_source_cell,complete_with_schema_gaps,CFG,filesystem_path,内部文件路径,0,False,{},pending,False,not_established,False,/Users/lzh/Downloads/Log 研究/agentlog_unified/schema-runs/swechat-v045/schema_type_summary.json,ac434c68f0712a93552ea13abd2e219efa4a959c6b9cbcff0ffbc1141b8fb7b0
dataset_schema_context,swechat,swechat-v045,candidate_source_cell,complete_with_schema_gaps,CFG,internal_endpoint,内部端点,0,False,{},pending,False,not_established,False,/Users/lzh/Downloads/Log 研究/agentlog_unified/schema-runs/swechat-v045/schema_type_summary.json,ac434c68f0712a93552ea13abd2e219efa4a959c6b9cbcff0ffbc1141b8fb7b0
dataset_schema_context,swechat,swechat-v045,candidate_source_cell,complete_with_schema_gaps,CFG,unclassified_internal_resource,细类待确定,0,False,{},pending,False,not_established,False,/Users/lzh/Downloads/Log 研究/agentlog_unified/schema-runs/swechat-v045/schema_type_summary.json,ac434c68f0712a93552ea13abd2e219efa4a959c6b9cbcff0ffbc1141b8fb7b0
dataset_schema_context,swechat,swechat-v045,candidate_source_cell,complete_with_schema_gaps,DIAG,exception_message,异常内容载体,0,False,{},pending,False,not_established,False,/Users/lzh/Downloads/Log 研究/agentlog_unified/schema-runs/swechat-v045/schema_type_summary.json,ac434c68f0712a93552ea13abd2e219efa4a959c6b9cbcff0ffbc1141b8fb7b0
dataset_schema_context,swechat,swechat-v045,candidate_source_cell,complete_with_schema_gaps,DIAG,failure_response,失败响应载体,0,False,{},pending,False,not_established,False,/Users/lzh/Downloads/Log 研究/agentlog_unified/schema-runs/swechat-v045/schema_type_summary.json,ac434c68f0712a93552ea13abd2e219efa4a959c6b9cbcff0ffbc1141b8fb7b0
dataset_schema_context,swechat,swechat-v045,candidate_source_cell,complete_with_schema_gaps,DIAG,stack_trace,堆栈载体,0,False,{},pending,False,not_established,False,/Users/lzh/Downloads/Log 研究/agentlog_unified/schema-runs/swechat-v045/schema_type_summary.json,ac434c68f0712a93552ea13abd2e219efa4a959c6b9cbcff0ffbc1141b8fb7b0
dataset_schema_context,swechat,swechat-v045,candidate_source_cell,complete_with_schema_gaps,PII,biometric,生物特征,0,False,{},pending,False,not_established,False,/Users/lzh/Downloads/Log 研究/agentlog_unified/schema-runs/swechat-v045/schema_type_summary.json,ac434c68f0712a93552ea13abd2e219efa4a959c6b9cbcff0ffbc1141b8fb7b0
dataset_schema_context,swechat,swechat-v045,candidate_source_cell,complete_with_schema_gaps,PII,email,邮箱,9154,True,"{""schema_context_candidate"": 9154}",pending,False,not_established,False,/Users/lzh/Downloads/Log 研究/agentlog_unified/schema-runs/swechat-v045/schema_type_summary.json,ac434c68f0712a93552ea13abd2e219efa4a959c6b9cbcff0ffbc1141b8fb7b0
dataset_schema_context,swechat,swechat-v045,candidate_source_cell,complete_with_schema_gaps,PII,financial,个人金融信息,0,False,{},pending,False,not_established,False,/Users/lzh/Downloads/Log 研究/agentlog_unified/schema-runs/swechat-v045/schema_type_summary.json,ac434c68f0712a93552ea13abd2e219efa4a959c6b9cbcff0ffbc1141b8fb7b0
dataset_schema_context,swechat,swechat-v045,candidate_source_cell,complete_with_schema_gaps,PII,government_identifier,政府证件标识,0,False,{},pending,False,not_established,False,/Users/lzh/Downloads/Log 研究/agentlog_unified/schema-runs/swechat-v045/schema_type_summary.json,ac434c68f0712a93552ea13abd2e219efa4a959c6b9cbcff0ffbc1141b8fb7b0
dataset_schema_context,swechat,swechat-v045,candidate_source_cell,complete_with_schema_gaps,PII,medical,医疗健康信息,0,False,{},pending,False,not_established,False,/Users/lzh/Downloads/Log 研究/agentlog_unified/schema-runs/swechat-v045/schema_type_summary.json,ac434c68f0712a93552ea13abd2e219efa4a959c6b9cbcff0ffbc1141b8fb7b0
dataset_schema_context,swechat,swechat-v045,candidate_source_cell,complete_with_schema_gaps,PII,person_name,个人姓名,9254,True,"{""schema_context_candidate"": 9254}",pending,False,not_established,False,/Users/lzh/Downloads/Log 研究/agentlog_unified/schema-runs/swechat-v045/schema_type_summary.json,ac434c68f0712a93552ea13abd2e219efa4a959c6b9cbcff0ffbc1141b8fb7b0
dataset_schema_context,swechat,swechat-v045,candidate_source_cell,complete_with_schema_gaps,PII,phone,电话,0,False,{},pending,False,not_established,False,/Users/lzh/Downloads/Log 研究/agentlog_unified/schema-runs/swechat-v045/schema_type_summary.json,ac434c68f0712a93552ea13abd2e219efa4a959c6b9cbcff0ffbc1141b8fb7b0
dataset_schema_context,swechat,swechat-v045,candidate_source_cell,complete_with_schema_gaps,PII,postal_address,通信地址,0,False,{},pending,False,not_established,False,/Users/lzh/Downloads/Log 研究/agentlog_unified/schema-runs/swechat-v045/schema_type_summary.json,ac434c68f0712a93552ea13abd2e219efa4a959c6b9cbcff0ffbc1141b8fb7b0
dataset_schema_context,swechat,swechat-v045,candidate_source_cell,complete_with_schema_gaps,PII,precise_location,精确位置候选,0,False,{},pending,False,not_established,False,/Users/lzh/Downloads/Log 研究/agentlog_unified/schema-runs/swechat-v045/schema_type_summary.json,ac434c68f0712a93552ea13abd2e219efa4a959c6b9cbcff0ffbc1141b8fb7b0
dataset_schema_context,swechat,swechat-v045,candidate_source_cell,complete_with_schema_gaps,PII,unspecified_personal_information,细类待确定,0,False,{},pending,False,not_established,False,/Users/lzh/Downloads/Log 研究/agentlog_unified/schema-runs/swechat-v045/schema_type_summary.json,ac434c68f0712a93552ea13abd2e219efa4a959c6b9cbcff0ffbc1141b8fb7b0
dataset_schema_context,swechat,swechat-v045,candidate_source_cell,complete_with_schema_gaps,QID,device_identifier,设备标识,0,False,{},pending,False,not_established,False,/Users/lzh/Downloads/Log 研究/agentlog_unified/schema-runs/swechat-v045/schema_type_summary.json,ac434c68f0712a93552ea13abd2e219efa4a959c6b9cbcff0ffbc1141b8fb7b0
dataset_schema_context,swechat,swechat-v045,candidate_source_cell,complete_with_schema_gaps,QID,network_identifier,网络关联标识,0,False,{},pending,False,not_established,False,/Users/lzh/Downloads/Log 研究/agentlog_unified/schema-runs/swechat-v045/schema_type_summary.json,ac434c68f0712a93552ea13abd2e219efa4a959c6b9cbcff0ffbc1141b8fb7b0
dataset_schema_context,swechat,swechat-v045,candidate_source_cell,complete_with_schema_gaps,QID,request_identifier,请求关联标识,0,False,{},pending,False,not_established,False,/Users/lzh/Downloads/Log 研究/agentlog_unified/schema-runs/swechat-v045/schema_type_summary.json,ac434c68f0712a93552ea13abd2e219efa4a959c6b9cbcff0ffbc1141b8fb7b0
dataset_schema_context,swechat,swechat-v045,candidate_source_cell,complete_with_schema_gaps,QID,session_identifier,会话标识,2704182,True,"{""schema_context_candidate"": 2704182}",pending,False,not_established,False,/Users/lzh/Downloads/Log 研究/agentlog_unified/schema-runs/swechat-v045/schema_type_summary.json,ac434c68f0712a93552ea13abd2e219efa4a959c6b9cbcff0ffbc1141b8fb7b0
dataset_schema_context,swechat,swechat-v045,candidate_source_cell,complete_with_schema_gaps,QID,tenant_identifier,租户标识,0,False,{},pending,False,not_established,False,/Users/lzh/Downloads/Log 研究/agentlog_unified/schema-runs/swechat-v045/schema_type_summary.json,ac434c68f0712a93552ea13abd2e219efa4a959c6b9cbcff0ffbc1141b8fb7b0
dataset_schema_context,swechat,swechat-v045,candidate_source_cell,complete_with_schema_gaps,QID,transaction_identifier,业务关联标识,0,False,{},pending,False,not_established,False,/Users/lzh/Downloads/Log 研究/agentlog_unified/schema-runs/swechat-v045/schema_type_summary.json,ac434c68f0712a93552ea13abd2e219efa4a959c6b9cbcff0ffbc1141b8fb7b0
dataset_schema_context,swechat,swechat-v045,candidate_source_cell,complete_with_schema_gaps,QID,unspecified_linkable_identifier,细类待确定,0,False,{},pending,False,not_established,False,/Users/lzh/Downloads/Log 研究/agentlog_unified/schema-runs/swechat-v045/schema_type_summary.json,ac434c68f0712a93552ea13abd2e219efa4a959c6b9cbcff0ffbc1141b8fb7b0
dataset_schema_context,swechat,swechat-v045,candidate_source_cell,complete_with_schema_gaps,QID,user_identifier,用户或账户标识,1530350,True,"{""schema_context_candidate"": 1530350}",pending,False,not_established,False,/Users/lzh/Downloads/Log 研究/agentlog_unified/schema-runs/swechat-v045/schema_type_summary.json,ac434c68f0712a93552ea13abd2e219efa4a959c6b9cbcff0ffbc1141b8fb7b0
dataset_text_cell_rescan,swechat,swechat-v045-final,rescanned_source_cell_span_rule_type_occurrence,partial,AUTH,access_token,访问令牌,10159,True,"{""identifier_reference"": 5167, ""named_value_candidate"": 4992}",pending,False,not_established,False,/Users/lzh/Downloads/Log 研究/agentlog_unified/repair-runs/swechat-v045-final/scan/repair_type_summary.jsonl,b5c463b93a7fc1bb530d721e53fe0c9ad37a46f0816d44048e7f1344d3315565
dataset_text_cell_rescan,swechat,swechat-v045-final,rescanned_source_cell_span_rule_type_occurrence,partial,AUTH,api_key,服务密钥,1558,True,"{""identifier_reference"": 1025, ""literal_candidate"": 12, ""named_value_candidate"": 521}",pending,False,not_established,False,/Users/lzh/Downloads/Log 研究/agentlog_unified/repair-runs/swechat-v045-final/scan/repair_type_summary.jsonl,b5c463b93a7fc1bb530d721e53fe0c9ad37a46f0816d44048e7f1344d3315565
dataset_text_cell_rescan,swechat,swechat-v045-final,rescanned_source_cell_span_rule_type_occurrence,partial,AUTH,auth_cookie,认证 Cookie,391,True,"{""identifier_reference"": 40, ""named_value_candidate"": 351}",pending,False,not_established,False,/Users/lzh/Downloads/Log 研究/agentlog_unified/repair-runs/swechat-v045-final/scan/repair_type_summary.jsonl,b5c463b93a7fc1bb530d721e53fe0c9ad37a46f0816d44048e7f1344d3315565
dataset_text_cell_rescan,swechat,swechat-v045-final,rescanned_source_cell_span_rule_type_occurrence,partial,AUTH,authorization_header,认证头,2759,True,"{""identifier_reference"": 1277, ""literal_candidate"": 216, ""named_value_candidate"": 1266}",pending,False,not_established,False,/Users/lzh/Downloads/Log 研究/agentlog_unified/repair-runs/swechat-v045-final/scan/repair_type_summary.jsonl,b5c463b93a7fc1bb530d721e53fe0c9ad37a46f0816d44048e7f1344d3315565
dataset_text_cell_rescan,swechat,swechat-v045-final,rescanned_source_cell_span_rule_type_occurrence,partial,AUTH,credential_bundle,其他认证秘密或凭证对象,2121,True,"{""identifier_reference"": 270, ""literal_candidate"": 27, ""named_value_candidate"": 1824}",pending,False,not_established,False,/Users/lzh/Downloads/Log 研究/agentlog_unified/repair-runs/swechat-v045-final/scan/repair_type_summary.jsonl,b5c463b93a7fc1bb530d721e53fe0c9ad37a46f0816d44048e7f1344d3315565
dataset_text_cell_rescan,swechat,swechat-v045-final,rescanned_source_cell_span_rule_type_occurrence,partial,AUTH,password,密码,414,True,"{""identifier_reference"": 117, ""named_value_candidate"": 297}",pending,False,not_established,False,/Users/lzh/Downloads/Log 研究/agentlog_unified/repair-runs/swechat-v045-final/scan/repair_type_summary.jsonl,b5c463b93a7fc1bb530d721e53fe0c9ad37a46f0816d44048e7f1344d3315565
dataset_text_cell_rescan,swechat,swechat-v045-final,rescanned_source_cell_span_rule_type_occurrence,partial,AUTH,private_key,私钥,1245,True,"{""identifier_reference"": 730, ""literal_candidate"": 8, ""named_value_candidate"": 507}",pending,False,not_established,False,/Users/lzh/Downloads/Log 研究/agentlog_unified/repair-runs/swechat-v045-final/scan/repair_type_summary.jsonl,b5c463b93a7fc1bb530d721e53fe0c9ad37a46f0816d44048e7f1344d3315565
dataset_text_cell_rescan,swechat,swechat-v045-final,rescanned_source_cell_span_rule_type_occurrence,partial,BIZ,business_object,业务对象载体,45139,True,"{""carrier_candidate"": 18993, ""identifier_reference"": 26146}",pending,False,not_established,False,/Users/lzh/Downloads/Log 研究/agentlog_unified/repair-runs/swechat-v045-final/scan/repair_type_summary.jsonl,b5c463b93a7fc1bb530d721e53fe0c9ad37a46f0816d44048e7f1344d3315565
dataset_text_cell_rescan,swechat,swechat-v045-final,rescanned_source_cell_span_rule_type_occurrence,partial,BIZ,document_content,文档及内容载体,23829,True,"{""carrier_candidate"": 12817, ""identifier_reference"": 11012}",pending,False,not_established,False,/Users/lzh/Downloads/Log 研究/agentlog_unified/repair-runs/swechat-v045-final/scan/repair_type_summary.jsonl,b5c463b93a7fc1bb530d721e53fe0c9ad37a46f0816d44048e7f1344d3315565
dataset_text_cell_rescan,swechat,swechat-v045-final,rescanned_source_cell_span_rule_type_occurrence,partial,BIZ,http_headers,请求响应头载体,11313,True,"{""carrier_candidate"": 2109, ""identifier_reference"": 9204}",pending,False,not_established,False,/Users/lzh/Downloads/Log 研究/agentlog_unified/repair-runs/swechat-v045-final/scan/repair_type_summary.jsonl,b5c463b93a7fc1bb530d721e53fe0c9ad37a46f0816d44048e7f1344d3315565
dataset_text_cell_rescan,swechat,swechat-v045-final,rescanned_source_cell_span_rule_type_occurrence,partial,BIZ,message_content,业务聊天内容载体,3,True,"{""carrier_candidate"": 3}",pending,False,not_established,False,/Users/lzh/Downloads/Log 研究/agentlog_unified/repair-runs/swechat-v045-final/scan/repair_type_summary.jsonl,b5c463b93a7fc1bb530d721e53fe0c9ad37a46f0816d44048e7f1344d3315565
dataset_text_cell_rescan,swechat,swechat-v045-final,rescanned_source_cell_span_rule_type_occurrence,partial,BIZ,request_body,请求体载体,36391,True,"{""carrier_candidate"": 10115, ""identifier_reference"": 26276}",pending,False,not_established,False,/Users/lzh/Downloads/Log 研究/agentlog_unified/repair-runs/swechat-v045-final/scan/repair_type_summary.jsonl,b5c463b93a7fc1bb530d721e53fe0c9ad37a46f0816d44048e7f1344d3315565
dataset_text_cell_rescan,swechat,swechat-v045-final,rescanned_source_cell_span_rule_type_occurrence,partial,BIZ,response_body,响应体载体,12052,True,"{""carrier_candidate"": 1754, ""identifier_reference"": 10298}",pending,False,not_established,False,/Users/lzh/Downloads/Log 研究/agentlog_unified/repair-runs/swechat-v045-final/scan/repair_type_summary.jsonl,b5c463b93a7fc1bb530d721e53fe0c9ad37a46f0816d44048e7f1344d3315565
dataset_text_cell_rescan,swechat,swechat-v045-final,rescanned_source_cell_span_rule_type_occurrence,partial,BIZ,unclassified_content,细类待确定,0,False,{},pending,False,not_established,False,/Users/lzh/Downloads/Log 研究/agentlog_unified/repair-runs/swechat-v045-final/scan/repair_type_summary.jsonl,b5c463b93a7fc1bb530d721e53fe0c9ad37a46f0816d44048e7f1344d3315565
dataset_text_cell_rescan,swechat,swechat-v045-final,rescanned_source_cell_span_rule_type_occurrence,partial,BIZ,unclassified_object,细类待确定,0,False,{},pending,False,not_established,False,/Users/lzh/Downloads/Log 研究/agentlog_unified/repair-runs/swechat-v045-final/scan/repair_type_summary.jsonl,b5c463b93a7fc1bb530d721e53fe0c9ad37a46f0816d44048e7f1344d3315565
dataset_text_cell_rescan,swechat,swechat-v045-final,rescanned_source_cell_span_rule_type_occurrence,partial,CFG,database_connection,数据库连接,207,True,"{""identifier_reference"": 42, ""named_value_candidate"": 165}",pending,False,not_established,False,/Users/lzh/Downloads/Log 研究/agentlog_unified/repair-runs/swechat-v045-final/scan/repair_type_summary.jsonl,b5c463b93a7fc1bb530d721e53fe0c9ad37a46f0816d44048e7f1344d3315565
dataset_text_cell_rescan,swechat,swechat-v045-final,rescanned_source_cell_span_rule_type_occurrence,partial,CFG,deployment_configuration,配置及部署载体,36727,True,"{""carrier_candidate"": 22736, ""identifier_reference"": 13991}",pending,False,not_established,False,/Users/lzh/Downloads/Log 研究/agentlog_unified/repair-runs/swechat-v045-final/scan/repair_type_summary.jsonl,b5c463b93a7fc1bb530d721e53fe0c9ad37a46f0816d44048e7f1344d3315565
dataset_text_cell_rescan,swechat,swechat-v045-final,rescanned_source_cell_span_rule_type_occurrence,partial,CFG,environment,环境变量载体,12720,True,"{""carrier_candidate"": 4144, ""identifier_reference"": 8576}",pending,False,not_established,False,/Users/lzh/Downloads/Log 研究/agentlog_unified/repair-runs/swechat-v045-final/scan/repair_type_summary.jsonl,b5c463b93a7fc1bb530d721e53fe0c9ad37a46f0816d44048e7f1344d3315565
dataset_text_cell_rescan,swechat,swechat-v045-final,rescanned_source_cell_span_rule_type_occurrence,partial,CFG,filesystem_path,内部文件路径,137211,True,"{""identifier_reference"": 1207, ""named_value_candidate"": 136004}",pending,False,not_established,False,/Users/lzh/Downloads/Log 研究/agentlog_unified/repair-runs/swechat-v045-final/scan/repair_type_summary.jsonl,b5c463b93a7fc1bb530d721e53fe0c9ad37a46f0816d44048e7f1344d3315565
dataset_text_cell_rescan,swechat,swechat-v045-final,rescanned_source_cell_span_rule_type_occurrence,partial,CFG,internal_endpoint,内部端点,0,False,{},pending,False,not_established,False,/Users/lzh/Downloads/Log 研究/agentlog_unified/repair-runs/swechat-v045-final/scan/repair_type_summary.jsonl,b5c463b93a7fc1bb530d721e53fe0c9ad37a46f0816d44048e7f1344d3315565
dataset_text_cell_rescan,swechat,swechat-v045-final,rescanned_source_cell_span_rule_type_occurrence,partial,CFG,unclassified_internal_resource,细类待确定,0,False,{},pending,False,not_established,False,/Users/lzh/Downloads/Log 研究/agentlog_unified/repair-runs/swechat-v045-final/scan/repair_type_summary.jsonl,b5c463b93a7fc1bb530d721e53fe0c9ad37a46f0816d44048e7f1344d3315565
dataset_text_cell_rescan,swechat,swechat-v045-final,rescanned_source_cell_span_rule_type_occurrence,partial,DIAG,exception_message,异常内容载体,96372,True,"{""carrier_candidate"": 71538, ""identifier_reference"": 24834}",pending,False,not_established,False,/Users/lzh/Downloads/Log 研究/agentlog_unified/repair-runs/swechat-v045-final/scan/repair_type_summary.jsonl,b5c463b93a7fc1bb530d721e53fe0c9ad37a46f0816d44048e7f1344d3315565
dataset_text_cell_rescan,swechat,swechat-v045-final,rescanned_source_cell_span_rule_type_occurrence,partial,DIAG,failure_response,失败响应载体,4,True,"{""identifier_reference"": 4}",pending,False,not_established,False,/Users/lzh/Downloads/Log 研究/agentlog_unified/repair-runs/swechat-v045-final/scan/repair_type_summary.jsonl,b5c463b93a7fc1bb530d721e53fe0c9ad37a46f0816d44048e7f1344d3315565
dataset_text_cell_rescan,swechat,swechat-v045-final,rescanned_source_cell_span_rule_type_occurrence,partial,DIAG,stack_trace,堆栈载体,874,True,"{""carrier_candidate"": 759, ""identifier_reference"": 115}",pending,False,not_established,False,/Users/lzh/Downloads/Log 研究/agentlog_unified/repair-runs/swechat-v045-final/scan/repair_type_summary.jsonl,b5c463b93a7fc1bb530d721e53fe0c9ad37a46f0816d44048e7f1344d3315565
dataset_text_cell_rescan,swechat,swechat-v045-final,rescanned_source_cell_span_rule_type_occurrence,partial,PII,biometric,生物特征,0,False,{},pending,False,not_established,False,/Users/lzh/Downloads/Log 研究/agentlog_unified/repair-runs/swechat-v045-final/scan/repair_type_summary.jsonl,b5c463b93a7fc1bb530d721e53fe0c9ad37a46f0816d44048e7f1344d3315565
dataset_text_cell_rescan,swechat,swechat-v045-final,rescanned_source_cell_span_rule_type_occurrence,partial,PII,email,邮箱,3240,True,"{""identifier_reference"": 470, ""literal_candidate"": 1745, ""named_value_candidate"": 1025}",pending,False,not_established,False,/Users/lzh/Downloads/Log 研究/agentlog_unified/repair-runs/swechat-v045-final/scan/repair_type_summary.jsonl,b5c463b93a7fc1bb530d721e53fe0c9ad37a46f0816d44048e7f1344d3315565
dataset_text_cell_rescan,swechat,swechat-v045-final,rescanned_source_cell_span_rule_type_occurrence,partial,PII,financial,个人金融信息,0,False,{},pending,False,not_established,False,/Users/lzh/Downloads/Log 研究/agentlog_unified/repair-runs/swechat-v045-final/scan/repair_type_summary.jsonl,b5c463b93a7fc1bb530d721e53fe0c9ad37a46f0816d44048e7f1344d3315565
dataset_text_cell_rescan,swechat,swechat-v045-final,rescanned_source_cell_span_rule_type_occurrence,partial,PII,government_identifier,政府证件标识,0,False,{},pending,False,not_established,False,/Users/lzh/Downloads/Log 研究/agentlog_unified/repair-runs/swechat-v045-final/scan/repair_type_summary.jsonl,b5c463b93a7fc1bb530d721e53fe0c9ad37a46f0816d44048e7f1344d3315565
dataset_text_cell_rescan,swechat,swechat-v045-final,rescanned_source_cell_span_rule_type_occurrence,partial,PII,medical,医疗健康信息,77,True,"{""identifier_reference"": 4, ""named_value_candidate"": 73}",pending,False,not_established,False,/Users/lzh/Downloads/Log 研究/agentlog_unified/repair-runs/swechat-v045-final/scan/repair_type_summary.jsonl,b5c463b93a7fc1bb530d721e53fe0c9ad37a46f0816d44048e7f1344d3315565
dataset_text_cell_rescan,swechat,swechat-v045-final,rescanned_source_cell_span_rule_type_occurrence,partial,PII,person_name,个人姓名,1003,True,"{""identifier_reference"": 374, ""named_value_candidate"": 629}",pending,False,not_established,False,/Users/lzh/Downloads/Log 研究/agentlog_unified/repair-runs/swechat-v045-final/scan/repair_type_summary.jsonl,b5c463b93a7fc1bb530d721e53fe0c9ad37a46f0816d44048e7f1344d3315565
dataset_text_cell_rescan,swechat,swechat-v045-final,rescanned_source_cell_span_rule_type_occurrence,partial,PII,phone,电话,59,True,"{""identifier_reference"": 43, ""named_value_candidate"": 16}",pending,False,not_established,False,/Users/lzh/Downloads/Log 研究/agentlog_unified/repair-runs/swechat-v045-final/scan/repair_type_summary.jsonl,b5c463b93a7fc1bb530d721e53fe0c9ad37a46f0816d44048e7f1344d3315565
dataset_text_cell_rescan,swechat,swechat-v045-final,rescanned_source_cell_span_rule_type_occurrence,partial,PII,postal_address,通信地址,248,True,"{""identifier_reference"": 123, ""named_value_candidate"": 125}",pending,False,not_established,False,/Users/lzh/Downloads/Log 研究/agentlog_unified/repair-runs/swechat-v045-final/scan/repair_type_summary.jsonl,b5c463b93a7fc1bb530d721e53fe0c9ad37a46f0816d44048e7f1344d3315565
dataset_text_cell_rescan,swechat,swechat-v045-final,rescanned_source_cell_span_rule_type_occurrence,partial,PII,precise_location,精确位置候选,4,True,"{""identifier_reference"": 4}",pending,False,not_established,False,/Users/lzh/Downloads/Log 研究/agentlog_unified/repair-runs/swechat-v045-final/scan/repair_type_summary.jsonl,b5c463b93a7fc1bb530d721e53fe0c9ad37a46f0816d44048e7f1344d3315565
dataset_text_cell_rescan,swechat,swechat-v045-final,rescanned_source_cell_span_rule_type_occurrence,partial,PII,unspecified_personal_information,细类待确定,0,False,{},pending,False,not_established,False,/Users/lzh/Downloads/Log 研究/agentlog_unified/repair-runs/swechat-v045-final/scan/repair_type_summary.jsonl,b5c463b93a7fc1bb530d721e53fe0c9ad37a46f0816d44048e7f1344d3315565
dataset_text_cell_rescan,swechat,swechat-v045-final,rescanned_source_cell_span_rule_type_occurrence,partial,QID,device_identifier,设备标识,585,True,"{""identifier_reference"": 334, ""named_value_candidate"": 251}",pending,False,not_established,False,/Users/lzh/Downloads/Log 研究/agentlog_unified/repair-runs/swechat-v045-final/scan/repair_type_summary.jsonl,b5c463b93a7fc1bb530d721e53fe0c9ad37a46f0816d44048e7f1344d3315565
dataset_text_cell_rescan,swechat,swechat-v045-final,rescanned_source_cell_span_rule_type_occurrence,partial,QID,network_identifier,网络关联标识,230,True,"{""identifier_reference"": 9, ""literal_candidate"": 197, ""named_value_candidate"": 24}",pending,False,not_established,False,/Users/lzh/Downloads/Log 研究/agentlog_unified/repair-runs/swechat-v045-final/scan/repair_type_summary.jsonl,b5c463b93a7fc1bb530d721e53fe0c9ad37a46f0816d44048e7f1344d3315565
dataset_text_cell_rescan,swechat,swechat-v045-final,rescanned_source_cell_span_rule_type_occurrence,partial,QID,request_identifier,请求关联标识,869,True,"{""identifier_reference"": 288, ""named_value_candidate"": 581}",pending,False,not_established,False,/Users/lzh/Downloads/Log 研究/agentlog_unified/repair-runs/swechat-v045-final/scan/repair_type_summary.jsonl,b5c463b93a7fc1bb530d721e53fe0c9ad37a46f0816d44048e7f1344d3315565
dataset_text_cell_rescan,swechat,swechat-v045-final,rescanned_source_cell_span_rule_type_occurrence,partial,QID,session_identifier,会话标识,3055,True,"{""identifier_reference"": 1364, ""named_value_candidate"": 1691}",pending,False,not_established,False,/Users/lzh/Downloads/Log 研究/agentlog_unified/repair-runs/swechat-v045-final/scan/repair_type_summary.jsonl,b5c463b93a7fc1bb530d721e53fe0c9ad37a46f0816d44048e7f1344d3315565
dataset_text_cell_rescan,swechat,swechat-v045-final,rescanned_source_cell_span_rule_type_occurrence,partial,QID,tenant_identifier,租户标识,0,False,{},pending,False,not_established,False,/Users/lzh/Downloads/Log 研究/agentlog_unified/repair-runs/swechat-v045-final/scan/repair_type_summary.jsonl,b5c463b93a7fc1bb530d721e53fe0c9ad37a46f0816d44048e7f1344d3315565
dataset_text_cell_rescan,swechat,swechat-v045-final,rescanned_source_cell_span_rule_type_occurrence,partial,QID,transaction_identifier,业务关联标识,10,True,"{""identifier_reference"": 8, ""named_value_candidate"": 2}",pending,False,not_established,False,/Users/lzh/Downloads/Log 研究/agentlog_unified/repair-runs/swechat-v045-final/scan/repair_type_summary.jsonl,b5c463b93a7fc1bb530d721e53fe0c9ad37a46f0816d44048e7f1344d3315565
dataset_text_cell_rescan,swechat,swechat-v045-final,rescanned_source_cell_span_rule_type_occurrence,partial,QID,unspecified_linkable_identifier,细类待确定,0,False,{},pending,False,not_established,False,/Users/lzh/Downloads/Log 研究/agentlog_unified/repair-runs/swechat-v045-final/scan/repair_type_summary.jsonl,b5c463b93a7fc1bb530d721e53fe0c9ad37a46f0816d44048e7f1344d3315565
dataset_text_cell_rescan,swechat,swechat-v045-final,rescanned_source_cell_span_rule_type_occurrence,partial,QID,user_identifier,用户或账户标识,2725,True,"{""identifier_reference"": 1455, ""named_value_candidate"": 1270}",pending,False,not_established,False,/Users/lzh/Downloads/Log 研究/agentlog_unified/repair-runs/swechat-v045-final/scan/repair_type_summary.jsonl,b5c463b93a7fc1bb530d721e53fe0c9ad37a46f0816d44048e7f1344d3315565
